:020000040800F2
:10000000A8680020C50200084938000841300008EF
:100010004538000875090008495400080000000030
:100020000000000000000000000000002D02000899
:10003000450A000800000000710200083947000866
:10004000DF020008DF020008DF020008DF0200080C
:10005000DF020008DF020008DF020008DF020008FC
:10006000DF020008DF020008DF020008DF020008EC
:10007000C9090008D9090008E9090008DF020008D9
:10008000F9090008090A0008DF020008DF02000879
:10009000DF020008DF020008DF020008DF020008BC
:1000A000DF020008DF020008DF020008DF020008AC
:1000B000D5470008DF020008DF020008DF02000861
:1000C000DF020008DF020008DF020008DF0200088C
:1000D000DF020008ED530008FD5300080D5400082E
:1000E000DF020008DF020008DF020008DF0200086C
:1000F000DF020008DF020008DF020008DF0200085C
:10010000DF020008DF020008DF020008DF0200084B
:10011000DF020008DF020008DF020008DF0200083B
:10012000DF020008DF020008DF020008DF0200082B
:1001300000F002F800F06BF80AA090E8000C82448E
:100140008344AAF10107DA4501D100F060F8AFF26B
:10015000090EBAE80F0013F0010F18BFFB1A43F0A5
:10016000010318470CA300002CA300000A444FF021
:10017000000C10F8013B13F0070408BF10F8014B06
:100180001D1108BF10F8015B641E05D010F8016B4B
:10019000641E01F8016BF9D113F0080F1EBF10F8AF
:1001A000014BAD1C0C1B09D16D1E58BF01F801CBD2
:1001B000FAD505E014F8016B01F8016B6D1EF9D555
:1001C0009142D6D37047000000230024002500266A
:1001D000103A28BF78C1FBD8520728BF30C148BFAA
:1001E0000B607047642900F0FD80752900F0FA80EB
:1001F000782900F03381632900F0FB82732900F035
:100200000083002070471FB51FBD10B510BD00F062
:100210007FFB1146FFF7F7FF05F00EFD00F09DFB99
:1002200003B4FFF7F2FF03BC05F0E7FC224B1968AB
:100230000868B0E8F00F80F30988BFF36F8F4FF0C4
:10024000000080F311884EF00D0E70470000000092
:1002500006480068006880F3088862B661B6BFF39C
:100260004F8FBFF36F8F00DF00BF00BF08ED00E0CE
:10027000EFF30980BFF36F8F0F4B1A6820E9F00F7F
:10028000106008B54FF0500080F31188BFF34F8F16
:10029000BFF36F8F08F05AF84FF0000080F3118819
:1002A000BDE8084019680868B0E8F00F80F30988D5
:1002B000BFF36F8F704700BFAC050020EFF30580E0
:1002C000704700000948804709480047FEE7FEE7FD
:1002D000FEE7FEE7FEE7FEE7FEE7FEE7FEE7FEE7F6
:1002E00004480549054A064B70470000D1470008FD
:1002F0003101000858660020A8680020A866002088
:10030000A86600207047B2F120030AD5C2F120038D
:1003100020FA02F001FA03F321FA02F140EA0300A5
:10032000704721FA03F04FF0000170470FB4044901
:1003300010B503AA029800F069FA10BC5DF814FB2E
:10034000BC00002070B5044685690068C10601D56F
:10035000302600E02026C00707D070BDD4E9012177
:1003600030469047206A401C20626D1EF6D570BD55
:1003700070B5044685690078C00707D170BDD4E91F
:10038000012120209047206A401C20626D1EF6D576
:1003900070BD70B50C460546012A05D02878800648
:1003A00000D5EA69002302E0012305E05B1C9342CB
:1003B00002D2E05C0028F9D1A869E618C01AA86149
:1003C000286A184428622846FFF7BCFF04E0D5E9F4
:1003D000012114F8010B9047B442F8D32846FFF7E7
:1003E000C7FF70BD2DE9F04106460024106875294D
:1003F000314616A510D0AFF30080002802DA404243
:1004000013A507E031688A0701D512A502E0490764
:1004100004D511A5012401E0AFF3008000210A22D8
:1004200006F1240709E0B0FBF2FCB0FBF2F302FB9B
:100430001C00303078541846491C0028F3D123465C
:100440002A463046BDE8F04100F070B900000000D7
:100450002D0000002B0000002000000070B50446B5
:100460000D4621461068AFF300802188090502D5AA
:100470000F4A7A4402E00E4A7A440E32002104F117
:10048000240305E000F00F060009965D5E54491C48
:100490000028F7D120780023000704D5702D02D062
:1004A00009B1022311322046BDE8704000F03EB988
:1004B0000C9F00002DE9F05F894604464FF0000ACA
:1004C000DFF874B1FB44C0F820A02046E1688847FB
:1004D000002874D0252806D0D4E901219047206A4D
:1004E000401C2062F1E700265F462046E16888470D
:1004F0002028054607DB312D05D2781910F8200C8D
:1005000008B10643F1E7B00701D526F00406C4F8A8
:100510001CA00027C4F818A02A2D09D0284605F0F1
:1005200065FB38B304EB8708303DC8F8185019E074
:1005300059F8041B204604EB87029161E168884763
:10054000012F054618D1E069002820DA26F02006A0
:100550001DE0D8F8180000EB800005EB40003038B3
:10056000C8F818002046E1688847054605F03EFBBC
:100570000028EED1012F0AD02E2D08D12046E168A7
:1005800088477F1C0546022F46F02006C4DBA06981
:10059000002803DA404246F00106A061F00701D0CE
:1005A00026F010066C2D0BD0682D09D04C2D39D0BB
:1005B0006A2D35D0742D35D07A2D33D016E038E041
:1005C000E1682F4620468847B842054609D16C2F7E
:1005D00026D04FF48060E1680643204688470546F0
:1005E00004E06C2F1AD04FF4807006430DB3A5F1D0
:1005F0004100192802D8203546F400664A462946AB
:10060000204626604E46FFF7EDFD80B101280BD055
:10061000F61D26F0070000F1080956E74020E4E740
:100620008020D8E70020D6E706F104094DE72846E8
:1006300052E7206ABDE8F09FE29E0000032A40F2E4
:10064000308010F0030C00F0158011F8013BBCF174
:10065000020F624498BF11F801CB00F8013B38BF8C
:1006600011F8013BA2F1040298BF00F801CB38BF9A
:1006700000F8013B11F0030300F0DA80083AC0F003
:10068000088051F8043B083A51F804CBA0E8081060
:10069000F5E7121D5CBF51F8043B40F8043BAFF393
:1006A0000080D20724BF11F8013B11F801CB48BFED
:1006B00011F8012B24BF00F8013B00F801CB48BF23
:1006C00000F8012B704702F0FF0343EA032242EADD
:1006D000024200F0E1B84FF0000200B51346944624
:1006E0009646203922BFA0E80C50A0E80C50B1F18A
:1006F0002001BFF4F7AF090728BFA0E80C5048BF9E
:100700000CC05DF804EB890028BF40F8042B08BF3B
:10071000704748BF20F8022B11F0804F18BF00F837
:10072000012B704770477047704770472DE9F047BD
:100730000D4699469246044600F124080168880651
:1007400004D5E06921F01001216000E00120A842F9
:1007500001DD471B00E00027A1697A1902EB0900BF
:10076000081AA0612078C00602D42046FFF7EAFDEF
:10077000002608E0D4E901211AF806009047206A13
:10078000401C761C20624E45F4DB2078C0060AD55A
:100790002046FFF7D7FD06E0D4E90121302090473D
:1007A000206A401C2062381EA7F10107F4DC07E034
:1007B000D4E9012118F805009047206A401C206206
:1007C000281EA5F10105F3DC2046FFF7D1FD2078B6
:1007D000000602D50220BDE8F0870120FBE710B536
:1007E000436913B1AFF3008001E0FFF7D2FD0120B0
:1007F00010BD127800F124010A7000224A70012213
:10080000EDE711684FF0FF32E9E70000074B70B5E4
:100810000D467B4400F065F80446284600F074F865
:1008200010B14FF0FF3070BD204670BD075400007E
:1008300010B5203AC0F00B80B1E81850203AA0E87B
:100840001850B1E81850A0E81850BFF4F5AF5FEAAF
:10085000027C24BFB1E81850A0E8185044BF18C962
:1008600018C0BDE810405FEA827C24BF51F8043B09
:1008700040F8043B08BF7047D20728BF31F8023B5D
:1008800048BF11F8012B28BF20F8023B48BF00F8F1
:10089000012B70474FF000020429C0F0128010F0C5
:1008A000030C3FF41AAFCCF1040CBCF1020F18BFDB
:1008B00000F8012BA8BF20F8022BA1EB0C01FFF7D9
:1008C0000CBF5FEAC17C24BF00F8012B00F8012BAC
:1008D00048BF00F8012B704701694A1C0261087883
:1008E000704700B58FB0CDE9013100210591054970
:1008F0007944CDE9031011466846FFF7DBFD0FB0E0
:1009000000BD0000E5FFFFFF007B00F080007047A6
:10091000754600F02BF8AE4605006946534620F0B8
:100920000700854618B020B5FFF7DAFCBDE8204087
:100930004FF000064FF000074FF000084FF0000B9B
:1009400021F00701AC46ACE8C009ACE8C009ACE84E
:10095000C009ACE8C0098D46704710B50446AFF336
:1009600000802046BDE81040FFF75ABC00487047A1
:10097000F465002000BFFEE770B505460E4614463C
:100980002146002005F04CFAA860AC812246314691
:10099000A868FFF753FE70BD38B504460D200090DF
:1009A000012269462046FFF7E7FF0122694604F16C
:1009B0001000FFF7E1FF0020608484F8200004F1BC
:1009C00010006060246138BD10B5024800F046FC9C
:1009D00010BD0000704C002010B5024800F03EFC35
:1009E00010BD00002C4C002010B5024800F036FC71
:1009F00010BD0000604B002010B5024800F02EFC36
:100A000010BD0000A44B002010B5024800F026FCE9
:100A100010BD0000E84B002030B590F84050012494
:100A2000AC40C56B6C60046863604468102C04D1F2
:100A30000468A2600468E16003E00468A1600468DF
:100A4000E26030BD704710B504460020A16805F093
:100A5000D5F92146002005F0D1F910BD034804491D
:100A60008860C86003498860C8607047A133000887
:100A700078010020A4010020054806498860064846
:100A8000C8600648064988600648C860704700008C
:100A9000A932000878010020093300082533000836
:100AA000A40100208533000872B600BFFEE70000F5
:100AB0000021074AD1610749096941F00201054A4D
:100AC000116111464861096941F0400111617047A7
:100AD000004D0020002002400022054BDA61054A4B
:100AE000126942F00102034B1A6101807047000055
:100AF000004D00200020024000201E49C96801F07E
:100B0000100139B11C49C96941F002011A4AD16189
:100B100040F010001749C96801F0040139B11649C5
:100B2000C96941F00101144AD16140F00400114942
:100B3000C96901F0010169B10F49C96941F00401B6
:100B40000D4AD16100BF0B49C96921F00101094A71
:100B5000D16100BF00BF40F20111884206D10549B2
:100B6000C96921F00101034AD16101E00149C8606E
:100B700000BF704700200240004D002070B50446C1
:100B800000F0FEFF054609E0601C38B124B100F01A
:100B9000F7FF401BA04201D9032070BD1248C06876
:100BA00000F001000028EFD10F48C06800F02000DD
:100BB00020B100BF20200C49C86000BF0A48C068AF
:100BC00000F0100048B90848C06900F0010020B9E1
:100BD0000548C06800F0040018B1FFF78DFF012040
:100BE000DBE70020D9E700000020024010B54548AF
:100BF000007800287ED04448FFF7CEFE434A01210A
:100C0000434802F005F942480068C06840F010000F
:100C10003F490968C8603F493D4802F047F9322220
:100C20003D493B4801F08CFD3C48FFF7B5FE3C4A8E
:100C300001213C4802F0ECF83A480068C06840F0F6
:100C4000100038490968C8603749364802F02EF963
:100C500036483749086032223649324801F070FD83
:100C60003548FFF799FE354A0121354802F0D0F8A2
:100C700033480068C06840F0100031490968C86016
:100C800030492F4802F012F92F48304908603222CB
:100C90002F492B4801F054FD1D480068406940F081
:100CA00001001B49096848612A4A0421184802F0DA
:100CB000AFF8294A0521164802F0AAF8274A06216A
:100CC000134802F0A5F8264A0721114802F0A0F8BF
:100CD00006F0D8FB0F490E4802F0E8F832220E4920
:100CE0000B4801F02DFD1F4A00211F4805F00AF9AD
:100CF0001E4900E003E0086000200249087001205E
:100D000010BD0000C0000020080000207949000844
:100D1000B4490020ED4800080A07002038000020F0
:100D2000094A00082C4A0020DD490008F55900084E
:100D3000940000209C06002068000020994A0008CA
:100D4000A44A00206D4A0008F759000898000020C6
:100D5000D8060020F14D0008FD4A0008654B000848
:100D60002D4B0008D0A200080D510008A40000205F
:100D70002DE9F04105460E4617469846164885422D
:100D80000AD11648007838B13A463146144802F084
:100D900007FE0020BDE8F081284600F041F9044636
:100DA00094F82C0070B1608D022803D121790DA038
:100DB000FFF7BCFA3A46314604F1080002F0F0FDB4
:100DC0000020E7E7012084F82C003A463146284607
:100DD00002F0EEF8DEE70000B4490020B800002081
:100DE0000800002075617274256420746F206D7591
:100DF0006368206275666665720D0A002DE9F04130
:100E000005460E461746164885420AD11548007811
:100E100038B13A463146144802F0C2FD0020BDE820
:100E2000F081284600F0FCF8044694F82C0070B1DC
:100E3000608D022803D121790CA0FFF777FA3A469A
:100E4000314604F1080002F0D8FD0020E7E7012058
:100E500084F82C003A463146284602F0A9F8DEE72D
:100E6000B4490020B80000200800002075617274A9
:100E7000256420746F206D756368206275666665F1
:100E8000720D0A000FB400B591B013A810900020A5
:100E90000090694601A8109B129A03F0B7F9002050
:100EA00001A9BDF8002088541090164890F82C0035
:100EB00010B91548007898B11248408D022805D124
:100EC0000A2317221149124802F018F8BDF8002031
:100ED00001A90C48083002F090FD11B05DF814FB38
:100EE0000120084981F82C003C2201A90948FFF79C
:100EF000A5FBBDF800200749054802F059F800BFDE
:100F0000EBE7000000000020B8000020C100002036
:100F1000B44900203C0700202DE9F047044614485E
:100F20000168204609F05EF9824612480168504681
:100F300008F0FCFE814608F05FFE07460E4A0F4BA4
:100F400008F050FA054608F0E1FBC0F1C8000C4972
:100F500008600846006808F008FC0546064A074B8A
:100F600008F056FC074608F057F9BDE8F087000086
:100F7000FC030020D8030020EC51B81E85EBB13FE4
:100F8000D40300202DE9F04106460C4615462946BB
:100F90001D48006809F028F830602946002008F054
:100FA000EFFF16D819480168284608F0E9FF10D26B
:100FB000174801681448006809F016F8804612487E
:100FC0000168404608F044FE0746294609F00CF83F
:100FD000206029460D48006808F0D2FF11D80D485E
:100FE0000168284608F0CCFF0BD829460A4800685B
:100FF00008F0FAFF074609480168384608F028FE5D
:101000002060BDE8F0810000D8030020DC03002050
:10101000E4030020E0030020EC030020F0030020A4
:1010200001460848814201D107487047074881427C
:1010300001D10748F9E70748814201D10648F4E7A2
:101040000020F2E7B4490020000000202C4A0020D4
:1010500030000020A44A0020600000200146002249
:1010600091F82100022808D00420886300BF0020E6
:1010700081F8200000BF012070470868006820F058
:101080000E000B6818600868006820F001000B680B
:10109000186091F8403001209840CB6B58600120D7
:1010A00081F8210000BF002081F8200000BF104619
:1010B000E2E7000070B50446002594F821000228FC
:1010C00003D00420A0630125C1E02068006820F05F
:1010D0000E00216808602068006820F00100216887
:1010E00008605C492068884252D95A49783920689A
:1010F000884201D1012047E056496439206888427E
:1011000001D1102040E0534950392068884201D174
:10111000801539E04F493C392068884201D180145C
:1011200032E04C4928392068884202D14FF480309F
:101130002AE0484914392068884202D14FF48010CF
:1011400022E044492068884201D140041CE0424921
:101150002068884201D1012016E03F4914312068FF
:10116000884201D110200FE03B4928312068884295
:1011700001D1801508E038493C312068884201D10E
:10118000801401E04FF480303349091F086051E0BA
:10119000304978392068884201D1012047E02D4943
:1011A00064392068884201D1102040E02949503933
:1011B0002068884201D1801539E026493C392068F1
:1011C000884201D1801432E02249283920688842BF
:1011D00002D14FF480302AE01E4914392068884239
:1011E00002D14FF4801022E01A492068884201D1D0
:1011F00040041CE018492068884201D1012016E013
:10120000154914312068884201D110200FE012499D
:1012100028312068884201D1801508E00E493C3110
:101220002068884201D1801401E04FF480300949E0
:1012300080394860012084F8210000BF002084F834
:10124000200000BF606B10B12046616B88472846C4
:1012500070BD0000800002400804024070B50446E2
:10126000E06B05682068066894F840100420884008
:101270002840002875D006F004000028FAD0206825
:10128000006800F0200028B92068006820F0040001
:1012900021680860D5492068884254D9D3497839F3
:1012A0002068884201D1042049E0D049643920688F
:1012B000884201D1402042E0CC4950392068884220
:1012C00001D100153BE0C9493C392068884202D170
:1012D0004FF4804033E0C54928392068884202D164
:1012E0004FF480202BE0C14914392068884202D194
:1012F0004FF4800023E0BD492068884201D1C0043A
:101300001DE0BB492068884201D1042017E0B8499C
:1013100014312068884201D1402010E0B4492831BE
:101320002068884201D1001509E0B1493C312068AC
:10133000884202D14FF4804001E04FF48020AC4954
:10134000091F086054E0A94978392068884201D112
:1013500004204AE0A54964392068884202D140202F
:1013600043E04CE0A14950392068884201D1001582
:101370003BE09E493C392068884202D14FF48040CE
:1013800033E09A4928392068884202D14FF48020FE
:101390002BE0964914392068884202D14FF480002E
:1013A00023E092492068884201D1C0041DE09049A1
:1013B0002068884201D1042017E08D49143120684B
:1013C000884201D1402010E08949283120688842B4
:1013D00001D1001509E086493C312068884202D1DC
:1013E0004FF4804001E04FF480208049803948600C
:1013F000E06A002802D02046E16A8847F4E094F8C9
:101400004010022088402840002871D006F00200D9
:101410000028FAD02068006800F0200040B9206859
:10142000006820F00A0021680860012084F821008B
:101430006E492068884254D96C49783920688842BE
:1014400001D1022049E0694964392068884201D10C
:10145000202042E0654950392068884201D140157A
:101460003BE062493C392068884202D14FF4005089
:1014700033E05E4928392068884202D14FF40030B9
:101480002BE05A4914392068884202D14FF40010E9
:1014900023E056492068884201D180041DE0544968
:1014A0002068884201D1022017E051491431206898
:1014B000884201D1202010E04D492831206888421F
:1014C00001D1401509E04A493C312068884202D1E7
:1014D0004FF4005001E04FF400304549091F086007
:1014E00054E0424978392068884202D102204AE01B
:1014F00057E03E4964392068884201D1202042E00B
:101500003A4950392068884201D140153BE03749BB
:101510003C392068884202D14FF4005033E033490F
:1015200028392068884202D14FF400302BE02F493F
:1015300014392068884202D14FF4001023E02B496F
:101540002068884201D180041DE029492068884232
:1015500001D1022017E0264914312068884201D1C8
:10156000202010E0224928312068884201D140150E
:1015700009E01F493C312068884202D14FF40050F5
:1015800001E04FF4003019498039486000BF002065
:1015900084F8200000BFA06A30B32046A16A8847C3
:1015A00022E094F84010082088402840E0B106F07E
:1015B0000800C8B12068006820F00E0021680860AB
:1015C00094F8401001208840E16B48600120A0633E
:1015D00084F8210000BF002084F8200000BF206BA9
:1015E00010B12046216B884770BD0000800002408A
:1015F000080402400146002209B9012070471E4B31
:10160000086898420BD21D4B0868C01A1423B0FB1F
:10161000F3F08000086419480838C8630AE0164BE4
:101620000868C01A1423B0FBF3F080000864124865
:101630000838C863022081F821000868026843F670
:10164000F0708243D1E901031843CB6818430B695A
:1016500018434B6918438B691843CB6918430243FD
:101660000868026000208863012081F821000020C2
:1016700081F8200000BFC1E70804024008000240D2
:101680002DE9F04104460D4616461F464FF000086E
:1016900000BF94F82000012802D10220BDE8F081AB
:1016A000012084F8200000BF94F8210001282CD1EB
:1016B000022084F821000020A0632068006820F048
:1016C0000100216808603B46324629462046FFF764
:1016D000A3F9E06A30B12068006840F00E0021688C
:1016E00008600BE02068006820F0040021680860B2
:1016F0002068006840F00A002168086020680068DF
:1017000040F001002168086006E000BF002084F876
:10171000200000BF4FF002084046BFE703480069C1
:1017200040F080000149086100207047002002401D
:101730002DE9FE4F05468B461746984601260024A4
:101740000020029000BF2448007E012802D1022020
:10175000BDE8FE8F01202049087600BF4CF25030D2
:10176000FFF70CFA064686BB012D02D1012002903C
:1017700006E0022D02D10220029001E00420029036
:1017800000241EE02201B946C24648465146FEF7F3
:10179000BAFD80B20190022000FB04B000900199D4
:1017A000FFF79AF94CF25030FFF7E8F906460B487C
:1017B000006920F001000949086106B104E0601CDD
:1017C000C4B202988442DDDB00BF00BF00200249A2
:1017D000087600BF3046BBE7004D002000200240E5
:1017E00000200849096901F0800151B10649054A04
:1017F0005160064951601146096901F0800101B14B
:10180000012070470020024023016745AB89EFCDDE
:101810002DE9F847024600239C467BE14FF0010882
:1018200008FA03F4D1F8008008EA0400A0427DD150
:10183000DFF8F4A2D1F80480A8EB0A09D0453AD029
:1018400014DCB8F1030F50D009DCB8F1000F31D02F
:10185000B8F1010F1CD0B8F1020F49D120E0B8F166
:10186000110F18D0B8F1120F42D11EE0B9F5881F40
:1018700025D006DCB9F5803F20D0B9F5801F37D1DF
:101880001AE0B9F5001F18D0B9F5041F30D117E0E0
:10189000D1F80CC02DE0D1F80C8008F1040C28E040
:1018A000D1F80C8008F1080C23E0D1F80C8008F185
:1018B0000C0C1EE000BF00BF00BF00BF00BF00BF98
:1018C000D1F80880B8F1000F02D14FF0040C0BE002
:1018D000D1F80880B8F1010F03D14FF0080C146162
:1018E00002E04FF0080C546103E04FF0000C00E000
:1018F00000BF00BFFF2801D8904601E002F10408B4
:101900004646FF2802D84FEA830803E0A3F10808FF
:101910004FEA88084746D6F800804FF00F0909FAC9
:1019200007F928EA09080CFA07F900E07AE048EA22
:101930000908C6F80080D1F8048008F08058B8F192
:10194000805F6FD100BFDFF8E481D8F8188048F0DD
:101950000108DFF8D891C9F81880C846D8F818806F
:1019600008F00108CDF8008000BF00BF4FEAB93889
:101970004FEA930958F829504FEA83784FEA1879CB
:101980004FF00F0808FA09F825EA0805DFF8A081EA
:10199000424502D14FF0000824E0DFF8988142452B
:1019A00002D14FF001081DE0DFF88C81424502D1E1
:1019B0004FF0020816E0DFF88481424502D14FF073
:1019C00003080FE0DFF87881424502D14FF00408A8
:1019D00008E0DFF87081424502D14FF0050801E0D0
:1019E0004FF006084FEA83794FEA197908FA09F8A7
:1019F00048EA0505DFF850814FEA930948F8295075
:101A0000D1F8048008F48018B8F5801F0BD1DFF8F6
:101A10003C81D8F8008048EA0008DFF83091C9F826
:101A200000800AE075E0DFF82481D8F8008028EA19
:101A30000008DFF81891C9F80080D1F8048008F494
:101A40000018B8F5001F0ED1DFF8008108F1040876
:101A5000D8F8008048EA0008DFF8F09009F104099E
:101A6000C9F800800DE0DFF8E48008F10408D8F838
:101A7000008028EA0008DFF8D49009F10409C9F8C9
:101A80000080D1F8048008F40038B8F5003F0ED18A
:101A9000DFF8B880A8F10408D8F8008048EA000808
:101AA000DFF8A890A9F10409C9F800800DE0DFF87B
:101AB0009C80A8F10408D8F8008028EA0008DFF824
:101AC0008C90A9F10409C9F80080D1F8048008F4C9
:101AD0008038B8F5803F0ED1DFF87080A8F1080893
:101AE000D8F8008048EA0008DFF86090A9F10809FA
:101AF000C9F800800DE0DFF85480A8F10808D8F894
:101B0000008028EA0008DFF84490A9F10809C9F824
:101B100000805B1CD1F8008028FA03F8B8F1000FB0
:101B20007FF47CAEBDE8F887000011100010024081
:101B300000080140000C0140001001400014014069
:101B400000180140001C0140080001400804014049
:101B5000024693680B400BB1012000E00020704763
:101B600010B5C26821EA020302EA010443EA044311
:101B7000036110BD0AB1016101E00B04036170470C
:101B800001480068704700009C0500200348006879
:101B90000349097808440149086070479C05002002
:101BA000A405002010B50848006840F01000064960
:101BB0000860032000F0E0F80F2000F007F800F0C4
:101BC0005DF8002010BD0000002002402DE9F0412A
:101BD00088B004460027B846002600BF2348C069E5
:101BE00040F001002149C8610846C06900F00100C9
:101BF000019000BF00BF02A903A800F097F9069F5B
:101C00001FB900F0BBF9054602E000F0B7F9450046
:101C10001748B5FBF0F0A0F101084FF080401549DE
:101C2000086040F2E7311348C160C0F80480002129
:101C300001618160816100F02FFC064696B90D4874
:101C400000F05EFC06466EB91C2000F047F8102C30
:101C500007D2002221461C2000F050F806480460FC
:101C600000E00126304608B0BDE8F08100100240D7
:101C700040420F00B44C0020A005002008B500BF72
:101C80001448806940F00100124988610846806963
:101C900000F00100009000BF00BF00BF0846C0690F
:101CA00040F08050C8610846C06900F08050009044
:101CB00000BF00BF00220F21901E00F01FF800BFE0
:101CC0000549486820F0E06040F00070486000BFBF
:101CD00008BD000000100240000001400146084617
:101CE000002809DB00F01F0301229A4043099B00F2
:101CF00003F1E023C3F8002100BF70472DE9F05F36
:101D000080460D461646002703F076FE0746394604
:101D10002A46334601F00700C0F1070ABAF1040F62
:101D200002D94FF0040A01E0C0F1070AD14600F1E0
:101D3000040ABAF1070F02D24FF0000A01E0A0F145
:101D4000030AD4464FF0010A0AFA09FAAAF1010A75
:101D50000AEA020A0AFA0CFA4FF0010B0BFA0CFB22
:101D6000ABF1010B0BEA030B4AEA0B042146404698
:101D700003F04AFEBDE8F09F00BF00F00702064BEB
:101D800019684FF6FF031940044B0B4343EA022145
:101D9000014B196000BF70470CED00E00000FA0530
:101DA00070B504460D460CB9012070BD5A48006854
:101DB00000F00700A8420ED25748006820F0070044
:101DC0002843554908600846006800F00700A8420B
:101DD00001D00120E9E7207800F0020002281DD19F
:101DE000207800F00400042805D14C48406840F4F5
:101DF000E0604A494860207800F00800082805D1D2
:101E00004648406840F46050444948604348406850
:101E100020F0F000A168084340494860207800F0B5
:101E2000010078B36068012806D13C48006800F4DE
:101E3000003090B90120B8E76068022806D1374821
:101E4000006800F0007040B90120AEE73348006838
:101E500000F0020008B90120A7E73048406820F0F0
:101E60000300616808432D494860FFF789FE064674
:101E700009E0FFF785FE801B41F28831884202D9D4
:101E8000032092E707E02548406800F00C006168F5
:101E9000B0EB810FEDD12048006800F00700A842A8
:101EA0000ED91D48006820F0070028431A49086031
:101EB0000846006800F00700A84201D0012074E73E
:101EC000207800F00400042807D11448406820F46A
:101ED000E060E168084311494860207800F008009C
:101EE000082808D10D48406820F46050216940EA74
:101EF000C1000A49486000F061F808494968C1F327
:101F00000311074A515CC84006490860064800684A
:101F1000FFF75CFE002048E700200240001002406E
:101F20006AA30008A8050020A00500200F22026077
:101F30000D4A526802F0030242600B4A526802F0F6
:101F4000F0028260084A526802F4E062C260064A07
:101F5000526802F46052D2080261044A126802F028
:101F600007020A6070470000001002400020024093
:101F70000148006870470000A805002000B5FFF781
:101F8000F7FF04494968C1F30221034A515CC84084
:101F900000BD0000001002407AA3000800B5FFF762
:101FA000E7FF04494968C1F3C221034A515CC840B4
:101FB00000BD0000001002407AA3000870B50021A7
:101FC0000022002400230020134D696801F00C0555
:101FD000F5B1042D02D0082D19D101E00F4819E008
:101FE0000F4DC1F38346AB5D01F4803555B10A4D09
:101FF0006D68C5F340450B4E725D084D5D43B5FB02
:10200000F2F402E0084D03FB05F4204602E000BFB5
:10201000064800BF00BF70BD00100240001BB700A3
:1020200058A3000868A3000800093D0000127A00C8
:10203000F8B504460CB90120F8BD207800F0010085
:10204000002878D0F848406800F00C0004280CD034
:10205000F548406800F00C00082811D1F2484068AB
:1020600000F48030B0F5803F0AD1EF48006800F4FA
:10207000003000285FD0606800285CD10120DBE7D9
:1020800000BF6068B0F5803F06D1E748006840F4C3
:102090008030E549086028E0606858B9E248006887
:1020A00020F48030E04908600846006820F4802071
:1020B00008601AE06068B0F5A02F0BD1DA4800681C
:1020C00040F48020D84908600846006840F4803019
:1020D00008600AE0D448006820F48030D2490860E3
:1020E0000846006820F48020086000BF606888B15E
:1020F000FFF746FD054606E0FFF742FD401B64285A
:1021000001D9032098E7C848006800F4003000288F
:10211000F2D010E0FFF734FD054606E0FFF730FD92
:10212000401B642801D9032086E7BF48006800F4FB
:1021300000300028F2D1207800F00200022857D1A8
:10214000B948406800F00C0050B1B748406800F052
:102150000C00082818D1B448406800F4803098B9C1
:10216000B148006800F0020020B12069012801D0C8
:10217000012061E7AC48006820F0F800616940EA9E
:10218000C100A949086033E02069E8B10120A749EE
:102190000860FFF7F5FC054606E0FFF7F1FC401B81
:1021A000022801D9032047E79F48006800F0020099
:1021B0000028F2D09C48006820F0F800616940EAED
:1021C000C1009949086013E0002098490860FFF7B2
:1021D000D7FC054606E0FFF7D3FC401B022801D9D7
:1021E000032029E79048006800F002000028F2D19F
:1021F000207800F0080008282DD1A069B8B101208E
:102200008B490860FFF7BCFC054606E0FFF7B8FC09
:10221000401B022801D903200EE78348406A00F0E2
:1022200002000028F2D0012001F018FC13E0002089
:102230007F490860FFF7A4FC054606E0FFF7A0FC15
:10224000401B022801D90320F6E67748406A00F0D7
:1022500002000028F2D1207800F00400042873D195
:1022600000277148C06900F0805070B900BF6E4807
:10227000C06940F080506C49C8610846C06900F0F0
:102280008050009000BF00BF01276A48006800F43A
:102290008070B0B96748006840F480706549086094
:1022A000FFF76EFC054606E0FFF76AFC401B64285A
:1022B00001D90320C0E65F48006800F48070002860
:1022C000F2D000BFE068012806D15748006A40F00C
:1022D00001005549086227E0E06858B95248006A91
:1022E00020F00100504908620846006A20F004000E
:1022F000086219E0E06805280BD14B48006A40F0FD
:102300000400494908620846006A40F0010008627A
:102310000AE04548006A20F0010043490862084687
:10232000006A20F00400086200BFE068A0B1FFF777
:1023300027FC054609E0FFF723FC401B41F28831EA
:10234000884202D9032077E622E03748006A00F08D
:1023500002000028EFD012E0FFF712FC054608E06B
:10236000FFF70EFC401B41F28831884201D903205F
:1023700062E62D48006A00F002000028F0D1012F2B
:1023800005D12948C06920F080502749C86100BFA5
:10239000E069C8B32448406800F00C00082860D009
:1023A000E069022848D1002020490866FFF7E8FBD1
:1023B000054606E0FFF7E4FB401B022801D9032095
:1023C0003AE61948006800F000700028F2D1206A4F
:1023D000B0F5803F07D11448406820F40030A16870
:1023E000084311494860D4E9080108430E49496887
:1023F00021F4741108430C49486001200B49086618
:10240000FFF7BEFB054607E03DE0FFF7B9FB401BC9
:10241000022801D903200FE60348006800F000708D
:102420000028F2D02FE000000010024000004242DD
:102430008004424200700040002014490866FFF703
:102440009FFB054606E0FFF79BFB401B022801D9D6
:102450000320F1E50E48006800F000700028F2D17A
:1024600011E0E069012800D1E6E50948466806F474
:102470008031206A814204D106F47011606A814281
:1024800001D00120D8E50020D6E50000000042423E
:10249000001002407047704710B504460CB9012087
:1024A00010BD94F83D0028B9002084F83C00204677
:1024B00000F025F8022084F83D00211D206802F07C
:1024C00091F9012084F8460000BF84F83E00012104
:1024D0003F200155402001554120015500BF00BF5C
:1024E000012084F842004320015544200155452035
:1024F000015500BF012084F83D000020D0E770475F
:10250000014691F83D00012801D0012070470220CA
:1025100081F83D000868C06840F001000B68D86091
:10252000164B0868984213D0154B086898420FD094
:102530000868B0F1804F0BD0124B0868984207D062
:10254000114B0868984203D0104B086898420CD190
:102550000868806800F00702062A0CD00868006846
:1025600040F001000B68186005E00868006840F062
:1025700001000B6818600020C8E70000002C014033
:10258000003401400004004000080040000C0040FE
:10259000704710B5044620680069C0F34000D8B108
:1025A0002068C068C0F34000B0B16FF0020021683D
:1025B0000861012020772068806900F0030018B1CD
:1025C0002046FFF7E5FF05E0204600F0ADF8204685
:1025D00000F0ABF80020207720680069C0F380008D
:1025E000D8B12068C068C0F38000B0B16FF00400BB
:1025F00021680861022020772068806900F440701B
:1026000018B12046FFF7C4FF05E0204600F08CF823
:10261000204600F08AF80020207720680069C0F387
:10262000C000D8B12068C068C0F3C000B0B16FF07E
:10263000080021680861042020772068C06900F044
:10264000030018B12046FFF7A3FF05E0204600F085
:102650006BF8204600F069F80020207720680069B8
:10266000C0F30010D8B12068C068C0F30010B0B14A
:102670006FF0100021680861082020772068C06989
:1026800000F4407018B12046FFF782FF05E02046B5
:1026900000F04AF8204600F048F800202077206833
:1026A000006900F0010058B12068C06800F0010026
:1026B00030B16FF0010021680861204600F036F863
:1026C00020680069C0F3C01058B12068C068C0F32A
:1026D000C01030B16FF08000216808612046FFF71C
:1026E000D9FE20680069C0F3801058B12068C06826
:1026F000C0F3801030B16FF04000216808612046BF
:1027000000F01DF820680069C0F3401058B120683F
:10271000C068C0F3401030B16FF02000216808613C
:102720002046FFF7B8FE10BD7047704710B504464D
:102730002068B0F1804F01D1FFF728FA10BD704733
:10274000F8B504460E46174694F8420020282ED1CC
:1027500006B10FB90120F8BD01202063002060639D
:102760003A463146204602F063FD0546EDB9206B3E
:10277000012819D100BF0020009020680068009057
:1027800020684068009000BF00BF00BF00BF216804
:102790000C3151E8001F41F0100021680C3141E874
:1027A0000002002AF3D100E001252846D3E70220E9
:1027B000D1E7704770477047704770472DE9F84F71
:1027C0000446206805682068C668206847694FF09D
:1027D0000009CA4605F00F09B9F1000F0AD105F04A
:1027E000200038B106F0200020B1204602F092FB14
:1027F000BDE8F88FB9F1000F7BD007F0010018B9E0
:1028000006F49070002874D005F0010030B106F491
:10281000807018B1606C40F00100606405F0040045
:1028200030B107F0010018B1606C40F00200606444
:1028300005F0020030B107F0010018B1606C40F003
:102840000400606405F0080048B106F0200010B9EB
:1028500007F0010018B1606C40F008006064606C23
:10286000002845D005F0200028B106F0200010B166
:10287000204602F04FFB20684069C0F3801A606C6C
:1028800000F0080010B9BAF1000F2CD0204602F079
:1028900056FA2068406900F0400000B300BF00BF56
:1028A0002168143151E8001F21F0400021681431E3
:1028B00041E80002002AF3D100BFE06B50B1774835
:1028C000E16B4863E06BFEF7F5FB88B1E06B416BB1
:1028D00088470DE02046A16D884709E009E02046C1
:1028E000A16D884704E02046A16D88470020606400
:1028F0007EE7206B012877D105F01000002873D007
:1029000006F010000028FAD000BF002000902068D8
:102910000068009020684068009000BF00BF2068F9
:10292000406900F0400000285FD0E06B006840681C
:102930001FFA80F8B8F1000F55D0A08D404552DD48
:10294000A4F82E80E06B8069202843D000BF00BF30
:1029500021680C3151E8001F21F4807021680C318E
:1029600041E80002002AF3D100BF00BF00BF216888
:10297000143151E8001F21F001002168143141E8B1
:102980000002002AF3D100BF00BF00BF216814314C
:1029900051E8001F21F040002168143141E8000295
:1029A000002AF3D100BF202084F8420000202063D9
:1029B00000BF00BF21680C3151E8001F21F010005A
:1029C00021680C3141E80002002AF3D100BFE06B1E
:1029D000FEF744FB02206063A08DE38DC01A81B234
:1029E0002046E26E904703E742E0A08DE18D401A59
:1029F0001FFA80F8E08DD0B3B8F1000F37D000BFD8
:102A000000BF21680C3151E8001F21F4907021684B
:102A10000C3141E80002002AF3D100BF00BF00BF23
:102A20002168143151E8001F21F0010021681431A0
:102A300041E80002002AF3D100BF202084F84200C0
:102A40000020206300BF00BF21680C3151E8001F47
:102A500021F0100021680C3141E80002002AF3D176
:102A600000BF0220606341462046E26E9047BFE609
:102A700005F0800030B106F0800018B1204602F069
:102A80003BFCB5E605F0400030B106F0400018B15F
:102A9000204602F08AF9ABE600BFA9E69D4B00088C
:102AA00010B504460CB9012010BDA06900B100E0CA
:102AB00000BF94F8410060B9002084F8400020462F
:102AC00002F002FA206F08B9164820672046216FED
:102AD0008847242084F841002068C06820F4005012
:102AE0002168C860204602F093FA2068006920F44B
:102AF0009040216808612068406920F02A00216820
:102B000048612068C06840F400502168C860002017
:102B10006064202084F8410084F842000020606353
:102B200000BFC1E7292B000810B586B0044600207D
:102B30000290039004900590A849206888426BD1C8
:102B400000BFA748806940F48040A54988610846D5
:102B5000806900F48040019000BF00BF00BF0846BC
:102B6000806940F0040088610846806900F0040034
:102B7000019000BF00BF481502900220039003207F
:102B8000059002A99748FEF743FE4FF4806002903B
:102B9000002003900120049002A99248FEF738FE1D
:102BA0009148924908600020486000218F48816068
:102BB0008021C1600021016141618161C161FEF735
:102BC00019FD08B1FDF770FF00BF8848E06344625B
:102BD00000BF8548143886490860102048600021ED
:102BE000834881608021C160002101614161816170
:102BF000C161FEF7FFFC08B1FDF756FF00BF7C483E
:102C0000A063446200BF002205212520FFF776F86B
:102C10002520FFF763F8DFE07649206888426BD112
:102C200000BF6F48C06940F400306D49C861084674
:102C3000C06900F40030019000BF00BF00BF08462B
:102C4000806940F0040088610846806900F0040053
:102C5000019000BF00BF04200290022003900320D7
:102C6000059002A95F48FEF7D3FD082002900020DE
:102C700003900120049002A95A48FEF7C9FD5A4862
:102C800014305D4908600020486000215A48816086
:102C90008021C1600021016141618161C161FEF754
:102CA000A9FC08B1FDF700FF00BF5348E063446290
:102CB00000BF4D482830514908601020486000216D
:102CC0004E4881608021C1600021016141618161C4
:102CD000C161FEF78FFC08B1FDF7E6FE00BF474873
:102CE000A063446200BF002205212620FFF706F8FA
:102CF0002620FEF7F3FF6FE04149206888426BD140
:102D000000BF3748C06940F480203549C861084693
:102D1000C06900F48020019000BF00BF00BF0846DA
:102D2000806940F0080088610846806900F008006A
:102D3000019000BF00BF08150290022003900320FD
:102D4000059002A92F48FEF763FD4FF40060029042
:102D5000002003900120049002A92A48FEF758FDA4
:102D6000214828382849086000204860002126486A
:102D700081608021C1600021016141618161C16187
:102D8000FEF738FC08B1FDF78FFE00BF1E48E06378
:102D9000446200BF14483C381C4908601020486059
:102DA00000211A4881608021C160002101614161D8
:102DB0008161C161FEF71EFC08B1FDF775FE00BF21
:102DC0001248A063446200BF002205212720FEF7BD
:102DD00095FF2720FEF782FF06B010BD00380140A6
:102DE0000010024000080140580002401C4B002027
:102DF000604B002000440040A44B0020E84B002022
:102E000000480040000C01402C4C0020704C002079
:102E100010B5034600242AB9586C40F020005864CD
:102E2000012010BD93F84100202825D10D291CD286
:102E3000DFE801F007090B0D0F1113151B1B1B1702
:102E400019009A6417E0DA6415E01A6513E05A6510
:102E500011E09A650FE0DA650DE01A660BE05A663C
:102E600009E01A6707E05A6705E0586C40F0200057
:102E70005864012400BF17E093F8410078B90B298A
:102E800002D00C2904D101E01A6707E05A6705E077
:102E9000586C40F020005864012400BF04E0586CD6
:102EA00040F02000586401242046BAE7024600237F
:102EB00029B9506C40F0200050640120704700BFD9
:102EC00092F84000012801D10220F7E7012082F8A2
:102ED000400000BF92F84100202801D1D16604E0F3
:102EE000506C40F020005064012300BF002082F8A5
:102EF000400000BF1846E1E7704770472DE9F84FE2
:102F000004460E46174699464FF0000A94F84100D1
:102F100020284AD106B117B90120BDE8F88F00205A
:102F20006064212084F84100FEF72AFE8246A784CF
:102F3000E784A068B0F5805F04D1206910B900254E
:102F4000B04602E035464FF000081BE05346002231
:102F500080212046CDF8009002F0FEF908B1032050
:102F6000DBE745B9B8F80000C0F308002168486005
:102F700008F1020803E02878216848606D1CE08CA5
:102F8000401EE084E08C0028E0D15346002240211E
:102F90002046CDF8009002F0DFF908B10320BCE72D
:102FA000202084F841000020B7E70220B5E70000A8
:102FB000F7B50446154694F84100202836D101980B
:102FC00000B10DB90120FEBD01982062A584E58401
:102FD00000206064212084F841001548A16B8862BC
:102FE0001448A16BC8621448A16B08630020A16B50
:102FF000486301AE23681A1D31682B46A06BFEF7AB
:103000003FFB6FF040002168086000BF00BF2168EF
:10301000143151E8001F41F080002168143141E86B
:103020000002002AF3D100BF0020CCE70220CAE74B
:10303000D94C0008314D0008B14B0008704770476B
:1030400000BFFEE70EB51B480078002830D1FDF721
:10305000CDFD1948322100222823CDE9002102901C
:10306000164A0221164802F05DFA16483221002263
:103070002823CDE900210290134A0121134802F0D0
:1030800051FA1349002001F007FC00F029F800F084
:103090003DFD1048006810B90F480E4908600F4800
:1030A000006810B90C480D490860012001490870FA
:1030B0000EBD0000F404002008040020A44A0020F3
:1030C0009C040020280400202C4A00204C040020EE
:1030D000413E0008EC040020D53B0008F00400202D
:1030E0002DE9FC5F6148624909680968016061482F
:1030F0005F490968496801605F485D4909688968F6
:1031000001605E485A490968C96801605C485849CD
:10311000096809690160584801685A48006807F061
:1031200061F88046584801685448006806F05CFF22
:10313000824652480168504606F08AFD07464E48CE
:103140000168384606F050FF05464E4801684B4876
:10315000006806F049FF074649480168384607F00D
:1031600041F80646294607F03DF80446414606F078
:10317000DDFD46490860404801684248006807F0A4
:1031800031F80190404801683C48006806F02CFF87
:1031900000903A480168009806F05AFD8346364888
:1031A0000168584606F020FF8046364801683348DB
:1031B000006806F019FF834631480168584607F059
:1031C00011F88246414607F00DF807462A48016883
:1031D000384606F009FF0646019906F0A7FD0446A9
:1031E000294801682548006806F0FEFE0746234886
:1031F0000168384606F02CFD06461F480168304637
:1032000006F0F2FE0546214606F0ECFF2049086074
:10321000002415E0204606F0A8FA07461D4A1E4B7A
:1032200006F0F6FA054605F0F7FF82461B4A02EB68
:1032300084011B4A02EB84005246FDF7A3FE641C86
:10324000C92CE7DB1648D0F82093002409E0144885
:1032500050F82410484606F0C5FF124941F82400F2
:10326000641CC92CF3DBBDE8FC9F0000F4030020C4
:1032700000040020F8030020DC030020D803002015
:10328000E8030020E0030020E4030020EC0300201A
:10329000F0030020EC51B81E85EBB13F4840002000
:1032A000003A0020243D002070B506461149886888
:1032B00006F0A2FC04460022134606F0EBF909D002
:1032C0000D49886806F098FC04460022134606F073
:1032D000E1F905D1232209490948FDF78FFD70BDA9
:1032E000102208490648FDF789FD00F055FF00BF90
:1032F000F5E700009C0400204C040020E4010020BD
:10330000B4490020D401002010B50446132203491B
:103310000348FDF773FD00F03FFD10BD07020020DC
:10332000B449002070B506461149886806F064FC6F
:1033300004460022134606F0ADF909D00D4988680D
:1033400006F05AFC04460022134606F0A3F905D104
:10335000232209490948FDF751FD70BD1322084990
:103360000648FDF74BFD01F0AFF900BFF5E700009F
:103370009C0400204C0400202D020020B4490020B1
:103380001A02002010B50446162203490348FDF72F
:1033900035FD00F001FD10BD50020020B4490020B1
:1033A0007047000070B50546002405E0044951F857
:1033B000240000F063F8641C022CF7DB70BD0000F1
:1033C00048010020704700002DE9F04104460D46F9
:1033D00016461F462148007878B1214B0022012172
:1033E000204802F0FDFD204908600A211E480068BF
:1033F00002F05CFE0020194908701C480068022891
:1034000001DBBDE8F0812560A680A771A06808B93E
:103410001748A060E06808B91548E060206908B95D
:1034200013482061606908B911486061A06908B952
:103430000F48A061E06908B90D48E061206A08B949
:103440000C4820620C480949096840F821400748A7
:103450000068401C0549086000BFD2E75001002009
:10346000F4A20008A5330008440100205401002004
:10347000C5330008C53500084801002010B50446D2
:10348000204600F0FFFA94F82500052877D2DFE8FF
:1034900000F0030D4E276C0000212720015594F801
:1034A0002400012801D184F8250069E02720005D6F
:1034B000401CC1B227200155005D3C2806DD204696
:1034C000A1698847032084F8250008E094F82400C7
:1034D00028B9022084F825000021272001554FE05B
:1034E0002720005D401CC1B22720015594F824001C
:1034F00078B92720005D00EB800041002046226A59
:103500009047002084F8250000212720015528201D
:1035100001552720005D902808DD2820005D28B98E
:103520000121282001552046E169884728E027200D
:10353000005D401CC1B227200155005D282809DD2F
:10354000204621698847002084F825000021272093
:10355000015509E094F82400012805D1204661694D
:103560008847042084F825000AE094F8240028B94C
:10357000002084F8250000212720015500BF00BF4E
:1035800000BF10BD10B50020084908700848016848
:10359000084801F068FF08480168084801F063FF27
:1035A0000748044908640549086410BD0404002064
:1035B0006C4300204C040020904600209C04002016
:1035C000453D00087047000008B500BF1A48406933
:1035D00040F00100184948610846406900F00100C8
:1035E000009000BF00BF002205210C20FEF786FBE3
:1035F0000C20FEF773FB002205210D20FEF77EFB59
:103600000D20FEF76BFB002205210E20FEF776FB56
:103610000E20FEF763FB002205211020FEF76EFB53
:103620001020FEF75BFB002205211120FEF766FB50
:103630001120FEF753FB08BD0010024010B5044AEC
:103640000021044802F05EFC0349086010BD000040
:1036500034A30008E94000089805002000B585B0B3
:103660000020019002900390049000BF28488069D8
:1036700040F01000264988610846806900F010007B
:10368000009000BF00BF00BF0846806940F02000E6
:1036900088610846806900F02000009000BF00BFEC
:1036A00000BF0846806940F00400886108468069D0
:1036B00000F00400009000BF00BF00BF0846806912
:1036C00040F0080088610846806900F0080000901A
:1036D00000BF00BF002289150E48FEF74BFA90206C
:1036E0000190002002900120039001A90948FEF7F3
:1036F0008FF84FF480700190012002900220039017
:103700000320049001A90348FEF782F805B000BD2C
:10371000001002400008014010B50B480B4908603A
:103720004FF4E1304860002108488160C1600161C8
:103730000C21416100218161C161FFF7B1F908B13C
:10374000FDF7B2F910BD000000380140B449002077
:1037500010B50B480B4908604FF4E1304860002178
:1037600008488160C16001610C21416100218161D3
:10377000C161FFF795F908B1FDF796F910BD00009A
:10378000004400402C4A002010B50B480B4908604B
:103790004FF4E1304860002108488160C160016158
:1037A0000C21416100218161C161FFF779F908B104
:1037B000FDF77AF910BD000000480040A44A00203F
:1037C0002DE9FF5F81468A46D9F83440C9F808A040
:1037D000B4F84410206C40F821A0B4F84400401C18
:1037E000052190FBF1F201FB12001FFA80FB206C17
:1037F00050F82B10504606F0F5FC019006F0FCF94D
:10380000074600220D4B06F003F800220C4BCDE9D1
:10381000020105F0E7FD054605F0FEFCC9F80C00C5
:10382000BBF1000F05D0B4F84400401CA4F84400DC
:1038300002E00020A4F84400BDE8FF9F00408F4054
:103840000000594000BFFEE700BFFEE72DE9FC5F26
:1038500004460D4616463146284606F0C3FC206055
:103860002168A06806F0F4F9A060E169A06806F09C
:1038700087FC01D8D4F81C90E06906F0BDF900225D
:10388000314BCDE9000105F0C3FF07468846A0682B
:1038900006F0B2F982463A46434605F07DFF0BD862
:1038A000E06906F0A9F982460022274B05F0B0FF37
:1038B000074605F0B1FC8146D4E9000106F092FC10
:1038C0008246A16906F090FB0746A168606906F090
:1038D0008BFB82462168206906F086FB83465146B1
:1038E00006F0B6F98046394606F0B2F981464846F8
:1038F000E16806F045FC01D8D4F80C90E06806F0C9
:103900007BF90022104BCDE9000105F081FF8246D2
:103910008B46484606F070F9074652465B4605F06E
:103920003BFF0BD8E06806F067F982460022064BA1
:1039300005F06EFF074605F06FFC81462068606069
:103940004846BDE8FC9F00000000F0BF2DE9F041B3
:1039500004460E461746608C08B9BDE8F08100BFEA
:10396000502080F31188BFF34F8FBFF36F8F00BFDC
:10397000608C401E60846568686804606868606088
:10398000002080F3118800BFA8893880AA893046BA
:10399000A968FCF753FE2846FDF755F800BFDCE7A1
:1039A0002DE9F04104460E461746012084F8200018
:1039B0001021002002F034FA054600BF502080F3A9
:1039C0001188BFF34F8FBFF36F8F00BF608C401C17
:1039D00060842C60606868606068056065600020D5
:1039E00080F3118800BF3A4631462846FCF7C4FFF1
:1039F000002084F82000BDE8F0812DE9F041044664
:103A00000E461746608C10B9012084F82000102162
:103A1000002002F005FA054600BF502080F311880F
:103A2000BFF34F8FBFF36F8F00BF608C401C60846B
:103A300004F11000686020692860206945602561F4
:103A4000002080F3118800BF3A4631462846FCF733
:103A500093FF002084F82000BDE8F08108B50849F4
:103A60000968C9084FF47A72B1FBF2F14143009141
:103A700000BF00BF00994A1E00920029F9D108BD7D
:103A8000A805002010B50446A1882068FEF760F85C
:103A90001D490870A079097888421CD12620005D54
:103AA00000F00F000F280AD1012084F824002620FE
:103AB000005D00F0100010B92046A168884726205C
:103AC000005D4006010E26200155005D401CC1B27C
:103AD0002620015516E02620005D00F00F0058B9A1
:103AE000002084F824002620005D00F0100010283B
:103AF00002D12046E16888472620005D4006010E7D
:103B00002620015510BD00005801002010B51648B0
:103B10001649096809680160154814490968496827
:103B20000160144801681048006806F05BFB124908
:103B30000860002414E00F4850F824100E48006874
:103B400006F086F80D4941F824000D4850F824107D
:103B50000748006806F07CF80A4941F82400641C14
:103B6000C92CE8DB10BD0000F40300200004002095
:103B7000F8030020243D0020FC0300206C430020BB
:103B8000484000209046002070B504460D460B4882
:103B9000844204D139220A49FDF730F970BD094841
:103BA000844202D108480560F8E70848844202D1FF
:103BB00007480560F2E700BFF0E70000B4490020C5
:103BC000EE0000202C4A002094000020A44A00208F
:103BD0009800002070472DE9F04104460D46164636
:103BE0001F4606FB07F221462846FCF727FDBDE8E5
:103BF000F08100002DE9F05F80468A461746B8F153
:103C0000006F02D34148804501D3BDE8F09F00BF5B
:103C1000502080F31188BFF34F8FBFF36F8F00BF29
:103C2000FDF7DEFDA8F1006B4FEADB25CBF3490978
:103C3000C9F58064A74200DC3C465DE04FF00061BE
:103C400001EBC52002234A143149FFF7C4FF0026C7
:103C50000BE009EB06002E4931F810004FF6FF711A
:103C6000884200D003E0701C86B2A642F1DB00BFA0
:103C7000A64225DA4FF0006101EBC520FCF718FFE2
:103C80004CF25030FCF77AFF2248006920F0020025
:103C900020490861002608E03AF8160006EB090101
:103CA0001B4A22F81100701C86B2A642F4DB4FF0CA
:103CB000006101EBC5204A14154900F02DF808E019
:103CC0004CF25030FCF75AFF22465146404600F075
:103CD00023F8A74200D110E06D1C4FF000090AEB59
:103CE000440A08EB4408381B87B2B7F5806F02DD41
:103CF0004FF4806400E03C46A0E700BFFDF70EFDF6
:103D0000002080F3118800BF00BF7EE70000040898
:103D100000320020002002402DE9F04104460E460A
:103D2000174600250AE036F815C0624600232146F2
:103D30000120FDF7FDFCA41C681C85B2BD42F2DB2E
:103D4000BDE8F08170B506460C46254628780C493A
:103D5000097808430A4908700846007803280DD1FD
:103D6000084801F01DFD084801F01AFD07480068E9
:103D70008047172206490748FDF740F870BD00004C
:103D8000040400209C0400204C040020EC040020CB
:103D9000F5040020B449002010B5034801F0BCFD33
:103DA000024801F0B9FD10BD9C0400204C04002025
:103DB00070B506460C46254628780A490978084316
:103DC000084908700846007803280AD1064801F01F
:103DD0000BFE064801F008FE182205490548FDF7CC
:103DE0000DF870BD040400204C0400209C04002049
:103DF00027050020B449002070B506460C4625462C
:103E000028780A4909780843084908700846007864
:103E100003280AD1064801F0E7FD064801F0E4FD59
:103E20001B2205490548FCF7E9FF70BD040400208A
:103E30004C0400209C0400200C050020B449002004
:103E40002DE9F04F8DB082468B469AF80000092884
:103E500003D000200DB0BDE8F08F9AF801001128C2
:103E60000CD2DFE800F0090C0F121526400B5A7E29
:103E70000B0B0B0B0B0BE30000F026FC04E100F036
:103E80008BF901E1FFF788FFFEE0FFF77BFBFBE02A
:103E90009AF80200012802D0022808D103E07C48E9
:103EA00001F03AFD03E07B4801F036FD00BF00BFA2
:103EB000EAE07749886805F09FFE04460022764BC9
:103EC00005F06AFC09D27549714801F0CCFA2D223F
:103ED00073497448FCF792FF04E04FF07E516D483F
:103EE00001F0C1FAD0E06B49886805F085FE044610
:103EF0000022694B05F050FC09D26849654801F081
:103F0000B2FA2A2268496748FCF778FF04E04FF0CC
:103F10007E515F4801F0A7FAB6E09AF803008DF8E9
:103F20002C009AF804008DF82D009AF805008DF801
:103F30002E009AF806008DF82F000B9C9AF80200CC
:103F4000012802D002280AD104E02146504801F09D
:103F50001BFD04E021464F4801F016FD00BF00BFE5
:103F600092E05248DAF8021001605149DAF806008E
:103F700008605049DAF80A0008604F49DAF80E0084
:103F800008604E49DAF8120008600A220AF10201BC
:103F90004B480068FFF72EFE444849490968096804
:103FA00001604348464909684968016041484449FD
:103FB000096889680160404841490968C968016029
:103FC0003E483F49096809690160006805F014FE30
:103FD000CDE90A013848006805F00EFE04460D469A
:103FE0003448006805F008FE06460F463048006871
:103FF00005F002FE804689462C48006805F0FCFD6D
:10400000CDE90801DDE90A01CDE90089CDE90267C2
:10401000CDE90445CDE906012AA0DDE90823FCF736
:1040200031FFFFF75DF8FFF771FD2DE023480068D1
:1040300005F0E2FD04460D461F48006805F0DCFD72
:1040400006460F461B48006805F0D6FD80468946A7
:104050001748006805F0D0FDCDE90A011348006853
:1040600005F0CAFDCDE90289CDE90467CDE9064531
:10407000CDE90801DDE90A01CDE9000111A0DDE982
:104080000823FCF7FFFE00BF00BF0120E2E60000AE
:104090004C0400209C04002000003E400000F84139
:1040A0003F050020B44900206C050020F4030020E7
:1040B000F8030020DC030020D8030020E8030020E0
:1040C00000040020666C6173683A252E33662C2547
:1040D0002E33662C252E33662C252E33662C252E6A
:1040E00033660D0A000000001CB5002380221C4925
:1040F0001C48FFF769F90023102219491A48FFF7F5
:1041000063F9FCF773FDFEF79DFF1849002000F0EE
:10411000C3FB0B2216491748FCF770FE00BF4FF493
:1041200080710F48FDF71CFD1349886805F064FD98
:1041300004460D461149886805F05EFD0646324684
:104140000B460FA0CDE90045FCF79CFE4FF47A70BA
:1041500001F07AFE0F480068401C0E490860DEE757
:104160000008014078010020A40100201D5400082F
:1041700066020020B44900209C0400204C0400206A
:104180005363616C70656C3A252E33662C252E3393
:10419000660D0A00D001002038B515488468204615
:1041A000FCF7BAFE01F034FD054600201149087005
:1041B0001148124988640E4988644FF0FF3000901E
:1041C0000F48104A126800EB820146232A460B482A
:1041D00001F08DF94FF0FF3000900B48094A12684A
:1041E00000EB820146232A46014801F080F938BDE0
:1041F0004C04002004040020B13D00089C04002071
:1042000090460020D40300206C4300202DE9FF4F8E
:104210009FB006460D46174600201C9003201B90B9
:1042200001200A90002010900E9045E228883C283A
:1042300007DB1B22FD49FE48FCF7E0FD23B0BDE88B
:10424000F08F17F8014B04B93BE2252C05D03470F0
:10425000761C2888401C28802AE20020824618907C
:1042600000BF179017F8014B302C04D14FF0010A12
:1042700017F8014B0CE02D2C04D14FF0020A17F86F
:10428000014B05E02E2C03D101201C9017F8014BA7
:1042900017E01C9801280AD1179800EB800004EB66
:1042A00040003038C0B2179017F8014B09E0189859
:1042B00000EB800004EB40003038C0B2189017F8D3
:1042C000014B302C01DB392CE3DD1C98012806D191
:1042D0001798072801DD072000E017981B906C2C29
:1042E00001D04C2C03D14AF0040A17F8014B04B951
:1042F000E7E1A146612C05DB7A2C03DCA9F1200063
:1043000000F0FF09B9F14F0F71D00CDCB9F1420F89
:104310006ED0B9F1430F60D0B9F1440F69D0B9F153
:10432000460F67D167E0B9F1530F06D0B9F1550FC9
:104330007ED0B9F1580FF4D117E12298006811909E
:104340002298001D22904FF0000B03E00BF10100BA
:1043500000F0FF0B119810F80B000028F6D1CDF8F3
:1043600034B00F900AF0020078B907E03470761C80
:104370002888401C28800F98401C0F905846411CEC
:1043800001F0FF0B18998842F0DB0020199008E03B
:104390003470761C2888401C28801998401CC0B2B4
:1043A000199019991198405C0028F1D10D990F9836
:1043B00008440F9007E03470761C2888401C288041
:1043C0000F98401C0F905846411C01F0FF0B1899A4
:1043D0008842F0DB0F980E906AE1229810F8041BD7
:1043E00022903170761C2888401C288060E1B5E05E
:1043F000B1E0B6E0BCE02298C01D20F00700014605
:10440000229000684968229A08322292CDE9080178
:1044100000221346DDE9080105F0BEF90DD21B9814
:1044200040F008001B900022824BDDE9080100E00B
:1044300098E005F0EDF9CDE90801DDE9080105F0A6
:1044400065F90C9001200A901B9800F007001A9063
:1044500008E00A9800EB800040000A901A98401E7D
:10446000C0B21A901A98401E0028F2D50C9805F098
:104470007CF9CDE90001DDE9082305F0C7FACDE9B3
:1044800004010A9805F071F9CDE90201DDE9042380
:1044900005F0BEF9CDE9060105F038F90B904FF0B3
:1044A00000081B9800F007001A901EE00B98A8B1B6
:1044B0000A210B9890FBF1F201FB120000F0FF09BA
:1044C0000B9890FBF1F00B9009F13000C2B240461E
:1044D000411C01F0FF0812A90A5406E030224046B0
:1044E000411C01F0FF0812A90A541A98411EC9B2D2
:1044F0001A910028DAD12E224046411C01F0FF0813
:1045000012A90A5400BF0A210C9890FBF1F201FB9A
:10451000120000F0FF090C9890FBF1F00C9009F1EB
:104520003000C2B24046411C01F0FF0812A90A54F3
:104530000C9810B1B8F1100FE5D31B9800F00800EB
:1045400030B12D224046411C01F0FF0812A90A5447
:1045500000201C9075E002201D9011E008201D90A5
:104560000EE000BF0A201D900AE010201D9007E019
:104570003470761C2888401C288001200E9097E01B
:1045800000BF0AF0040028B1229800682299091D92
:1045900022910DE0B9F1440F05D1229800682299CB
:1045A000091D229104E0229800682299091D229198
:1045B0001690B9F1440F08D1169800F0004020B1D0
:1045C0001698404216904AF0080A4FF0000800BFC3
:1045D0001D991698B0FBF1F201FB120000F0FF09E3
:1045E0001D991698B0FBF1F01690B9F1090F07DD8F
:1045F000782C01D1272000E00720484400F0FF0973
:1046000009F13000C2B24046411C01F0FF0812A976
:104610000A54169810B1B8F1100FD9D30AF0080057
:1046200070B12D224046411C06E000002801002008
:10463000B44900200000F0BF01F0FF0812A90A549D
:1046400000BFC3460AF0010008B1302000E020207E
:10465000814605E086F80090761C2888401C28805A
:104660000AF0020030B95846411C01F0FF0B1899BE
:104670008842EFDB00BFA8F10100C0B2804612A95A
:10468000085C3070761C2888401C2880B8F1000F28
:10469000F1D105E086F80090761C2888401C28801F
:1046A0005846411C01F0FF0B18998842F2DB00BF0D
:1046B0000E991098084410900E98401C00287FF422
:1046C000B5AD00BF00BFB9E538B5144884682046D1
:1046D000FCF722FC01F094FA05460020104908700E
:1046E0001048114988640D498864012000900F48E2
:1046F0000F4A126800EB820146232A460A4800F05E
:10470000F6FE012000900B48094A126800EB820176
:1047100046232A46014800F0EAFE38BD4C0400203A
:1047200004040020F93D00089C040020904600206D
:10473000D40300206C43002010B500BF502080F34C
:104740001188BFF34F8FBFF36F8F00BF04F078FA6B
:1047500018B14FF080500449086000BF002080F37A
:10476000118800BF10BD000004ED00E000B58FB05F
:10477000282105A8FBF7AFFF14216846FBF7ABFF24
:104780000120059000040690002007900120099068
:1047900002200C90C1030D91C1040E9105A8FDF7F4
:1047A00047FC08B1FCF780F90F200090022001902F
:1047B000002002904FF480600390002004900221BA
:1047C0006846FDF7EDFA08B1FCF76EF90FB000BDD1
:1047D0007047000010B50248FDF7DBFE10BD000079
:1047E000B44C002010B50268204B98420ED0204BEC
:1047F00098420BD0B0F1804F08D01E4B984205D0A4
:104800001D4B984202D01D4B984203D122F07002FA
:104810004B681A43154B98420ED0154B98420BD05B
:10482000B0F1804F08D0134B984205D0124B9842FC
:1048300002D0124B984203D122F44072CB681A4343
:1048400022F080034C6943EA040202608B68C36271
:104850000B688362054B984202D0054B984201D108
:104860000B6903630123436110BD0000002C01406C
:10487000003401400004004000080040000C0040EB
:1048800070B50546284602F011FA044614B1D4E981
:104890000010884770BD000070B504460D460E48F4
:1048A0000078022807DB0A2316220C490C48FEF781
:1048B00025FB002070BD0B480749097840F82140CE
:1048C00009480549097840F8215003480078401C00
:1048D000014908700120EDE7B9000020D800002050
:1048E000B4490020A8000020B000002070B50646A2
:1048F0000D461A48007840B100201849087032224D
:1049000017491848FDF71CFF70BD002411E0164838
:1049100050F82420154850F824302946104898476C
:1049200028B132220E490F48FDF70AFFECE7601C60
:1049300084B20F4800788442E9DB01200D490870F9
:104940002946074802F0B8FD00200A4908703222C3
:1049500003490448FDF7F4FE00BFD5E72701002016
:1049600060060020B4490020A8000020B00000200C
:10497000B9000020B800002038B504461248408D28
:1049800000281BDD104890F8280060B96A460F49DE
:104990000D480830FEF7DAFFBDF800200B490C483F
:1049A000FEF706FB0EE00B48007858B901200949D4
:1049B00008700948006804F005FB03E00020024984
:1049C00081F82C0038BD00000000002024060020E3
:1049D000B4490020A0000020A400002070B50546C6
:1049E0000C46224605490648064B1B68984732226A
:1049F00002490348FDF7A4FE70BD00009C0600209C
:104A00002C4A00209400002038B504461248408DFE
:104A100000281BDD104890F8280060B96A460F494D
:104A20000D480830FEF792FFBDF800200B490C48F6
:104A3000FEF7BEFA0EE00B48007858B9012009498C
:104A400008700948006804F0BDFA03E0002002493C
:104A500081F82C0038BD00003000002092060020B4
:104A60002C4A0020A0000020A400002070B50546BC
:104A70000C46224605490648064B1B6898473222D9
:104A800002490348FDF75CFE70BD0000D806002017
:104A9000A44A00209800002038B504461248408DF2
:104AA00000281BDD104890F8280060B96A460F49BD
:104AB0000D480830FEF74AFFBDF800200B490C48AE
:104AC000FEF776FA0EE00B48007858B90120094944
:104AD00008700948006804F075FA03E000200249F4
:104AE00081F82C0038BD000060000020CE060020B8
:104AF000A44A0020A0000020A400002070B50446B5
:104B00002046FCF78DFA0546297902A0FBF70EFC3A
:104B100070BD0000687561727425642C5061726903
:104B20007479206572726F720000000070B50446DF
:104B30002046FCF775FA0546297902A0FBF7F6FB3B
:104B400070BD0000687561727425642C41424F523B
:104B5000545F524543454956455F434F4D504C4580
:104B60005445000070B504462046FCF759FA054646
:104B7000297902A0FBF7DAFB70BD0000687561724D
:104B80007425642C41424F52545F5452414E534D50
:104B900049545F434F4D504C4554450070B5054650
:104BA0006C6A0020E085E0842046A16D884770BDD6
:104BB00070B5054600266C6A20684069C0F3C016CF
:104BC00094F84100212805D126B10020E084204638
:104BD00000F0FBF820684069C0F3801694F84200AA
:104BE000222805D126B10020E085204600F0A7F854
:104BF000606C40F0100060642046A16D884770BD75
:104C000070B505466C6A2868006800F0200000282E
:104C100042D1E08500BF00BF21680C3151E8001F80
:104C200021F4807021680C3141E80002002AF3D1A0
:104C300000BF00BF00BF2168143151E8001F21F000
:104C400001002168143141E80002002AF3D100BFBD
:104C500000BF00BF2168143151E8001F21F040005F
:104C60002168143141E80002002AF3D100BF20205E
:104C700084F84200206B01280ED100BF00BF2168DC
:104C80000C3151E8001F21F0100021680C3141E87F
:104C90000002002AF3D100BF00206063206B0128CE
:104CA00004D1A18D2046E26E904702E02046616D5E
:104CB000884770BD70B505466C6A01206063206B43
:104CC000012805D1A08D41082046E26E904702E000
:104CD0002046216D884770BD70B505466C6A28680E
:104CE000006800F02000F8B90020E08400BF00BF99
:104CF0002168143151E8001F21F08000216814312F
:104D000041E80002002AF3D100BF00BF00BF2168C4
:104D10000C3151E8001F41F0400021680C3141E89E
:104D20000002002AF3D102E02046E16C884770BD02
:104D300070B50446656A2846A96C884770BD00BFF7
:104D400000BF02680C3252E8002F22F49071026812
:104D50000C3242E80013002BF3D100BF00BF00BFAC
:104D60000268143252E8002F22F001010268143266
:104D700042E80013002BF3D100BF016B01290ED1D3
:104D800000BF00BF02680C3252E8002F22F0100171
:104D900002680C3242E80013002BF3D100BF20213F
:104DA00080F8421000210163704710B50446206866
:104DB000C06820F040002168C860202084F84100CD
:104DC0002046E16C8847002010BD00BF00BF02688C
:104DD0000C3252E8002F22F0C00102680C3242E887
:104DE0000013002BF3D100BF202180F84110704741
:104DF00070B506463046FCF713F904462068456C4A
:104E000005F00100051E03D0217912A0FBF78EFAF0
:104E100005F00200051E03D0217914A0FBF786FAE5
:104E200005F00400051E03D0217915A0FBF77EFADA
:104E300005F00800051E03D0217916A0FBF776FACD
:104E400005F01000051E03D0217918A0FBF76EFABB
:104E500070BD0000687561727425642C50617269C0
:104E60007479206572726F7200000000687561725B
:104E70007425642C4E6F697365206572726F7200C1
:104E8000687561727425642C4672616D6520657267
:104E9000726F7200687561727425642C4F7665724A
:104EA00072756E206572726F7200000068756172B3
:104EB0007425642C444D41207472616E7366657272
:104EC000206572726F720000094981640949C164EA
:104ED0000949016509494165094981650949C16572
:104EE00009490166094941660949C16670470000E0
:104EF0003F3000083D300008FB2E0008F92E000866
:104F0000BB270008B5270008B9270008B727000805
:104F1000B3270008F8B5044694F84200222875D15A
:104F2000A068B0F5805F0CD1206950B90025A66A51
:104F300020684068C0F308003080A06A801CA0622E
:104F400015E0A56A0026A068B0F5805F03D0A068D0
:104F500028B9206918B920684068287004E02068E2
:104F6000406800F07F002870A06A401CA062E08DBD
:104F7000401E80B2E085002846D12068C06820F03D
:104F800020002168C8602068C06820F48070216813
:104F9000C8602068406920F0010021684861202035
:104FA00084F8420000206063206B012826D1002095
:104FB000206300BF00BF21680C3151E8001F21F0C1
:104FC000100021680C3141E80002002AF3D100BF33
:104FD0002068006800F0100010280AD100BF0020EF
:104FE000009020680068009020684068009000BF32
:104FF00000BFA18D2046E26E904702E02046616D21
:1050000088470020F8BD01E00020FBE70220F9E717
:1050100070B504462168096921F44051E2681143E2
:10502000226811612269A1681143626941EA02059F
:105030002168C96841F20C62914329432268D1601A
:105040002168496921F44071A269114322685161C4
:105050002D4A2168914202D1FCF7A0FF01E0FCF744
:105060008DFF00EBC00101EB001162689200B1FB03
:10507000F2F100EBC00202EB001263689B00B2FB8E
:10508000F3F26423B2FBF3F202EBC20303EB02126E
:10509000A1EB8201322202EB01116422B1FBF2F199
:1050A00001F0F00100EBC00202EB001263689B000C
:1050B000B2FBF3F26423B2FBF3F201EB021200EB5A
:1050C000C00101EB001163689B00B1FBF3F100EB41
:1050D000C00303EB00136668B600B3FBF6F3642667
:1050E000B3FBF6F303EBC30606EB0313A1EB83015B
:1050F000322303EB01116423B1FBF3F101F00F0143
:1051000011442268916070BD0038014008B575E017
:1051100000243B48806B90F8210001281DD13948BC
:10512000408D002813DD374890F82800A8B936488C
:10513000007890B96A46354932480830FEF706FCD7
:10514000BDF8002031492E48FDF732FF05E0002070
:105150002C4981F82C0044F001042D48806B90F814
:10516000210001281AD12B48408D002810DD294844
:1051700090F8280090B96A46274926480830FEF77B
:10518000E5FBBDF8002024492148FDF711FF05E0AB
:105190000020204981F82C0044F002041F48806B55
:1051A00090F8210001281AD11D48408D002810DDFB
:1051B0001B4890F8280090B96A461A4918480830E8
:1051C000FEF7C4FBBDF8002016491448FDF7F0FEB9
:1051D00005E00020124981F82C0044F0040444F05A
:1051E00008040F2C06D100200F4908700F480068F2
:1051F00003F040F8012000F027FE00BF88E7000020
:10520000B449002000000020B8000020240600203F
:105210002C4A00203000002092060020A44A0020E2
:1052200060000020CE060020A0000020A400002086
:1052300077B581B0044615460298A062A585002086
:105240006064222084F842002848E16B8862284884
:10525000E16BC8622748E16B08630020E16B48639B
:1052600002AE32682368191D2B46E06BFCF708FA82
:1052700000BF00200090206800680090206840680F
:10528000009000BF00BF206970B100BF00BF21685F
:105290000C3151E8001F41F4807021680C3141E865
:1052A0000002002AF3D100BF00BF00BF2168143103
:1052B00051E8001F41F001002168143141E800026B
:1052C000002AF3D100BF00BF00BF2168143151E8AC
:1052D000001F41F040002168143141E80002002A1B
:1052E000F3D100BF002004B070BD0000014C0008E5
:1052F000B54C0008B14B0008014691F84100212847
:1053000028D18868B0F5805F0BD1086948B90A6A6E
:105310001088C0F308000B685860086A801C086297
:1053200005E00B6A581C086218780B685860C88C36
:10533000401E80B2C88458B90868C06820F0800058
:105340000B68D8600868C06840F040000B68D860FF
:10535000002070470220FCE72DE9F04104460D468D
:1053600017469846069E34E0701C88B32EB1FCF7B1
:1053700007FCA0EB0800B0422BD900BF00BF21689A
:105380000C3151E8001F21F4D07021680C3141E844
:105390000002002AF3D100BF00BF00BF2168143112
:1053A00051E8001F21F001002168143141E800029A
:1053B000002AF3D100BF202084F8410084F8420085
:1053C00000BF002084F8400000BF0320BDE8F0814A
:1053D000FFE7206800682840A84201D1012000E0D2
:1053E0000020B842C0D00020F0E7000010B502480D
:1053F000FDF7E4F910BD0000B449002010B50248E3
:10540000FDF7DCF910BD00002C4A002010B5024861
:10541000FDF7D4F910BD0000A44A002010B50346E2
:105420000C461878082801D0002010BD587810B11B
:10543000012806D102E0FBF71FFB02E0FBF70EFBA1
:1054400000BF00BF0120F0E700BFFEE710B5024635
:105450000023022003E0145C1C44E3B2401C884299
:10546000F9DB184610BD2DE9F04105460E466C6B80
:10547000B4F90A0004F058FD8046314604F0B4FD4A
:10548000074604F031FD2083012020725520216859
:105490000870AA2021684870042021688870287844
:1054A0002168C8700320216808713720216848717D
:1054B000208BC11700EB11610912A0EB01212268BA
:1054C0009171208BC11700EB1161090A2268D1711B
:1054D00008212068FFF7BAFF216808722168642359
:1054E00009226868FBF744FC0120BDE8F08170B533
:1054F00005460C46049E696B0C614A614B6314209F
:1055000093FBF0F008870E620020C86120684862B3
:1055100020688862142093FBF0F048870520087209
:10552000012070BD2DE9F05F044688461746994674
:10553000DDE90AAB0C9D3948007888B9384B002268
:105540000121384800F04CFD3749086014213648E5
:10555000006800F0ABFDFBF749FB01202F49087004
:1055600032480068022806DB192231493148FBF72E
:1055700045FCBDE8F09F30482C49096840F82140BF
:1055800084F8008067605021002000F049FC6063CF
:105590000921002000F044FC616B086032210020EA
:1055A00000F03EFC616B48601421002000F038FCE4
:1055B000616B0864666BA6F80A90A6F80CA0A6F8C2
:1055C0000EB02969216269696162A969A162E9690C
:1055D000E1620021A1616161002020611749E16160
:1055E0000120616B8887E06B08B91548E063206C87
:1055F00008B913482064606C08B911486064A06C55
:1056000008B90F48A0640F493846FEF7BDFA0748AD
:105610000068401C0549086000BFAAE7AA030020F3
:1056200024A30008AD570008A4030020AC03002009
:10563000B0030020B44900209C03002000007A44FD
:105640009D570008495600082DE9F05F80460E4638
:1056500000279AE04F4850F827004068404578D12D
:105660004C4850F82740656B02273078AA2805D1AE
:105670007078552802D1B078112801D0BDE8F09F8C
:10568000707A45490870B07A4870B5F90A0004F09C
:105690004BFC82464049088804F05EFC8346514634
:1056A00004F044FB814649462046FEF789F820462F
:1056B000D4E90E129047287A012806D0022831D06A
:1056C000042818D007285CD144E033480088298B8F
:1056D00009B2401A10F10A0F0CDD2F480088298BFF
:1056E00009B2401A0A2805DA002028722046226CE6
:1056F000A16B904746E028480088298B09B2401AE0
:1057000010F10A0F0DDD24480088298B09B2401AD8
:105710000A2806DA204600F0E4F92046226CA16B44
:1057200090472FE01C480088298B09B2401A10F1DD
:105730000A0F0DDD18480088298B09B2401A0A2883
:1057400006DA204600F0CDF92046626CA16B904746
:1057500018E019E010480088298B09B2401A10F1AE
:105760000A0F0DDD0C480088298B09B2401A0A285F
:1057700006DA204600F0B5F92046A26CA16B9047EE
:1057800000E000BF00BF00BF7F1C022FFFF662AF2A
:1057900000BF73E79C030020D00300207047000087
:1057A00001490164704700009D5700082DE9F05F32
:1057B0000025A6E0554850F82500554908600846E0
:1057C0000068446B207A032804D0042820D00528E0
:1057D0007ED13BE0B4F90A0004F0A6FB80464C48B9
:1057E0000068C168404604F0FFFB07463A46484857
:1057F000A16C00681030FEF729F8064604F058FB4B
:1058000000B2A4F84C004248006800F0B1F973E01F
:10581000B4F90A0004F088FB80463D480068C1687E
:10582000404604F0E1FB07463A463948A16C00685F
:105830001030FEF70BF8064604F03AFB00B2A4F86D
:105840004C003348006800F093F955E0608F218FD9
:1058500088421BDB01206087E069401CE061A06A90
:105860006062216A206900EB810020610068A0620B
:10587000606B04F059FB0646D4E9091004F0B2FC51
:105880000746314604F052FAE06202E0608F401CA5
:105890006087B4F90A0004F047FB8246608F04F089
:1058A0005BFB8346E16A04F09FFB8146194904F0E3
:1058B0009BFB8046616A04F0CBF90746514604F031
:1058C00093FB064604F010FB20831148006800E0BB
:1058D0000DE000F0D3F86069401EE169814205DB0C
:1058E000608F218F884201DB0720207204E0084886
:1058F000006800F09DF800BF00BF092000F0A4FA86
:105900006D1C022DFFF656AFBDE8F09F9C030020F2
:10591000CC0300200000A0412DE9F04105466C6B4E
:105920000020A064A4F84C002072B4F90A0004F02E
:10593000FBFA0746A96804F057FB064604F0D4FAC0
:105940002083552021680870AA2021684870032010
:105950002168887028782168C8700420216808713F
:10596000002021684871142021688871072120686F
:10597000FFF76CFD2168C8712168642308226868FC
:10598000FBF7F6F9BDE8F0812DE9F04705460E4634
:105990006C6B03202072B4F90A0004F0C5FA81464A
:1059A000314604F021FB804604F082FA07B2384603
:1059B00004F0BAFAA064B4F90A0004F0B5FA81461A
:1059C000E96804F011FB8046424605F11000A16C25
:1059D000FDF73CFF074604F06BFA00B2A4F84C0058
:1059E0000120BDE8F0870000014981647047000094
:1059F0009D5700087047704702480068C0F30220B6
:105A0000704700000CED00E010B5002804DB0A0729
:105A1000130E054A135406E00A07140E034A00F059
:105A20000F031B1FD45410BD00E400E018ED00E08C
:105A300070B505466C6B552021680870AA20216856
:105A4000487003202168887028782168C870042075
:105A5000216808710020216848711E202168887122
:105A600007212068FFF7F2FC2168C871216805232F
:105A700008226868FBF77CF9012070BD70B5054607
:105A80006C6B552021680870AA202168487004209A
:105A90002168887028782168C870212021680871E1
:105AA000372021684871208BC11700EB1161091262
:105AB000A0EB012122689171208BC11700EB1161CD
:105AC000090A2268D17108212068FFF7BFFC21680C
:105AD00008722168052309226868FBF749F901204B
:105AE00070BD2DE9F04105466C6B0020A064A4F860
:105AF0004C002072B4F90A0004F016FA0746A968AF
:105B000004F072FA064604F0EFF92083552021686C
:105B10000870AA20216848700420216888702878BD
:105B20002168C870032021680871372021684871F6
:105B3000208BC11700EB11610912A0EB0121226833
:105B40009171208BC11700EB1161090A2268D17194
:105B500008212068FFF77AFC216808726A6B1168D7
:105B6000052309226868FBF703F90120BDE8F081ED
:105B700070B505466C6B552021680870AA20216815
:105B8000487004202168887028782168C8702F2008
:105B900021680871002021684871B4F94C00C117D0
:105BA00000EB11610912A0EB012122689171B4F997
:105BB0004C00C11700EB1161090A2268D17108215C
:105BC0002068FFF743FC2168087221680523092239
:105BD0006868FBF7CDF8012070BDEFF311807047C6
:105BE000EFF305807047EFF31080704730380A28D4
:105BF00001D2012070470020704700BF70470000AD
:105C000002480068C0F1C90070470000D4030020BA
:105C100001480068401C7047D403002000BF054ABB
:105C2000126802F04002002AF9D0C2B2014B1B1DDB
:105C30001A60704700380140FBF7B4FFFEF796FD8D
:105C4000FDF70CFDFDF7C0FCFDF766FDFDF780FDDF
:105C5000FDF79AFD00F014F9FDF7F0FC00F030F9C3
:105C600000BFFEE72DE9F04104460E461548005DF1
:105C700038B9144818380168204688470120BDE823
:105C8000F081114850F82400B04219D90F4850F85B
:105C90002400B6FBF0F10B48083850F8240030F827
:105CA0001120002508E000230648083850F8240099
:105CB0004F1920F817306D1C9542F4DB0020DEE709
:105CC0000220DCE77401002014A300080CA30008E4
:105CD00030B504460225084951F8241001FB05F2AD
:105CE000064951F82400002100F07EF80121034804
:105CF0000830015530BD000004A300086C010020ED
:105D00002DE9F04704460F460025A9462348005DCB
:105D100020B9224818380168204688471FB94FF03B
:105D2000FF30BDE8F0871E4850F82400B7FBF0F6BE
:105D30001B4850F82400B7FBF0F100FB117000B1D4
:105D4000761C184850F82400451E22E013480838F5
:105D500050F8240030F8150010B909F1010901E0EC
:105D60004FF00009B14513D14FF0000809E00B488E
:105D7000083850F8240005EB080220F8126008F1FA
:105D80000108B045F3D3064850F824006843C8E73B
:105D90006D1E002DDADA4FF0FF30C2E774010020EB
:105DA0000CA3000804A3000810B50146002300223C
:105DB00007E00B4850F8210030F8120000B15B1CDE
:105DC000521C084850F821009042F2D84FF47A70E3
:105DD0005843044C54F82140B0FBF4F080B210BD9D
:105DE0006C01002004A3000830B5034601E003F86D
:105DF000011B141EA2F10102F9D130BD70B5054698
:105E00000C4604B970BD054850F82500261A3146E5
:105E10002846FFF727FF00BFF4E7000064010020D9
:105E200070B504460E4631462046FFF769FF054629
:105E3000681C08B9002070BD024850F824002844AE
:105E4000F9E700006401002070B50546FFF7C8FEC1
:105E500048B9FFF7C8FE30B908480068022805D1E4
:105E6000FFF7BBFE10B16FF0050404E0002415B18C
:105E7000284602F027F9204670BD0000FC050020EE
:105E800010B5FFF7ADFE48B9FFF7ADFE30B90B48CE
:105E90000068022805D1FFF7A0FE10B16FF00504DD
:105EA00009E00648006820B9012004490860002480
:105EB00001E04FF0FF34204610BD0000FC0500203B
:105EC00010B5FFF78DFE48B9FFF78DFE30B90C48CD
:105ED0000068022805D1FFF780FE10B16FF00504BD
:105EE0000CE007480068012806D102200449086038
:105EF00002F064F9002401E04FF0FF34204610BDA9
:105F0000FC0500202DE9F04786B0804689461446FE
:105F100000200490FFF764FE00285DD1FFF763FEC8
:105F2000002859D12D480068022803D1FFF755FEFB
:105F3000002851D1B8F1000F4ED08026182500203E
:105F400005900DF1140A471E44B3206808B1D4F837
:105F500000A0A06900B1A5692DB1382D03D8207922
:105F600000F0010018B1002006B0BDE8F0876069BC
:105F700008B160698608A06840B1E0685C2805D374
:105F8000206918B1606908B1012708E0A06830B93C
:105F9000E06820B9206910B9002700E00027012F30
:105FA0000CD12169A0684B463246CDE900510290E0
:105FB0005146404602F0C8FD04900DE067B904A8C0
:105FC000B2B24B465146CDE90050404602F08AFD40
:105FD000012801D0002004900498C5E7FC050020AA
:105FE0002DE9FE4F0646894692461C460020029047
:105FF000FFF7F6FD002851D1FFF7F5FD00284DD140
:1060000028480068022803D1FFF7E7FD002845D1A2
:10601000002E43D0082000F0ABFD0546002D3DD0FA
:106020002E60C5F804A0B9F1000F01D1002700E0EF
:1060300001274FF0FF384FF0000B94B1206808B1F2
:10604000D4F800B0A06828B1E068302802D34FF03F
:10605000010808E0A06830B9E06820B94FF00008F6
:1060600001E04FF00008B8F1010F0BD10E49A06814
:106070002B463A46CDE900100121584603F015F8A9
:1060800002900BE0B8F1000F08D107482B463A46C2
:1060900001210090584602F0EDFF02900298BDE801
:1060A000FE8F0000FC05002081480008F8B5054679
:1060B0000E462F46FFF794FD48B9FFF794FD30B91F
:1060C0000E480068022805D1FFF787FD10B16FF078
:1060D000050411E017B96FF003040DE0002003463A
:1060E000324604210090384603F054F8012801D1CB
:1060F000002401E06FF002042046F8BDFC050020FA
:106100002DE9F04105460E46164807681648006816
:10611000001D01F057FE681C38B936B112480168FD
:10612000091D124801F0A4FE1AE07C190E4800680F
:106130004460BC4207D20C480168091D0C48006845
:1061400001F07CFE0CE008480168091D0948006860
:1061500001F074FE08480068844201D206480460D9
:10616000BDE8F081C0050020AC05002010520020E1
:10617000B4050020B0050020DC05002010B5044661
:1061800001F082FE24480068401C2349086023482F
:10619000006840B9214804600846006801280DD114
:1061A00000F01EFA0AE01E48006838B91B48006873
:1061B000C06AE16A884201D818480460194800683A
:1061C000401C184908600846006860641649E06A87
:1061D0000968884202D91449E06A0860E16A01EB63
:1061E0008101124A02EB8100211D01F041FE01F004
:1061F00075FE0B48006868B108480068C06AE16A2B
:10620000884207D24FF0805009490860BFF34F8F92
:10621000BFF36F8F10BD0000BC050020AC0500204F
:10622000C8050020D8050020C4050020604D0020CE
:1062300004ED00E008B501F027FE12480068E8B957
:10624000114801F0EBFD114801F0E8FD0E4810493E
:1062500008600E480F49086000200F4B0F4A1021BC
:1062600000900A2002F038F90649086008460068E4
:1062700020B10BA10348006801F0E8FE01F02EFEFA
:1062800008BD0000F00500202452002038520020F4
:10629000E8050020EC0500204C5200209C52002014
:1062A000546D72510000000010B516E001F0ECFDD5
:1062B0000C48C068C468201D01F084FD0A480068CD
:1062C000401E0949086009480068401E07490860E7
:1062D00001F004FE204600F05EF804480068002843
:1062E000E4D110BDFC510020BC050020B805002001
:1062F00070B504460D46206C70B1216CE06808440E
:10630000E0606168E068884201D32068E060284668
:10631000226CE168FAF792F970BD2DE9F04104466C
:106320000F4615464FF00008A66B206C40B9206858
:1063300060BB606802F026FD80460020606025E0BA
:106340007DB93946226CA068FAF778F9216CA0680B
:106350000844A060D4E90110884217D32068A060E7
:1063600014E03946226CE068FAF768F9216CE068BD
:10637000401AE0602168E068884203D2216C6068BE
:10638000401AE060022D01D106B1761E701CA06398
:106390004046BDE8F08110B5044694F8590030B984
:1063A000206B01F0B9FD204601F0B6FD1AE094F82B
:1063B0005900012803D1204601F0AEFD12E094F807
:1063C0005900022801D1012000E0002050B900BF8F
:1063D000502080F31188BFF34F8FBFF36F8F00BF42
:1063E00000BFFEE710BD00000146084A12681268AF
:1063F0000AB9012200E000220A600A6822B9034AB1
:106400001268D268106800E000207047E80500209C
:1064100030B54FF44063174800F007042CB1C01D9D
:1064200020F00700134C041B1B1B0246124C226079
:106430000024114D6C60D018083820F007000F4C74
:10644000206000240D4D2D686C600C4D2D682C6073
:106450001146441A4C60094C24680C60084D4C6885
:106460002C60084D4C682C604FF00044064D2C60A9
:1064700030BD0000F459002000060020080600206E
:10648000100600200C0600201406002000BFFFF7B5
:106490000BFF064800680128F9D94FF080500449E5
:1064A0000860BFF34F8FBFF36F8FF0E7604D0020A0
:1064B00004ED00E02DE9F04106460D4617469846EA
:1064C000069C0DB9246000E02760E6632564012185
:1064D000204602F071F884F84C80BDE8F0812DE987
:1064E000F05F82460F4690469B460A9E0C9C4FEA00
:1064F0008801A522206BFAF7E6F8A8F10100216BCC
:1065000001EB800929F0070909F0070008B901200B
:1065100000E0002050B900BF502080F31188BFF385
:106520004F8FBFF36F8F00BF00BFFEE7002507E06E
:10653000795D04F134004155785D00B902E06D1CCD
:10654000102DF5D300BF002143200155382E00D374
:106550003726E662E66400202065201D01F06BFC12
:1065600004F1180001F067FC2461C6F13800A06155
:1065700064620020606584F858005A4651464846D7
:1065800000F0AAFB20600B9808B10B980460BDE8EE
:10659000F09F2DE9F04706460D4617469846DDE97F
:1065A00008940DB1012000E0002050B900BF502038
:1065B00080F31188BFF34F8FBFF36F8F00BF00BF11
:1065C000FEE75CB1FFF736FE2660A561E761C4F81F
:1065D0002080C4F82490201D01F02DFCBDE8F08738
:1065E00010B5002407E004EB84010F4A02EB8100A0
:1065F00001F014FC641C382CF5D30C4801F00EFC9F
:106600000B4801F00BFC0B4801F008FC0A4801F0B4
:1066100005FC0A4801F002FC0448094908600448E6
:106620000849086010BD0000604D0020C0510020E6
:10663000D4510020E8510020FC51002010520020CD
:10664000B0050020B405002010B50146164800E052
:10665000006803688B42FBD30246436813448B42B5
:1066600004D143684C682344436001460A464B68A2
:1066700013440468A34211D10C4C03682468A3425C
:1066800008D04B680468646823444B6003681B6847
:106690000B6005E0054B1B680B6001E003680B60B5
:1066A000884200D0016010BD0006002008060020CE
:1066B0002DE9F04104460D4616461F464FF00008EE
:1066C00065602461B5420CD8F01BA169884202D3F1
:1066D0004FF0010811E0211D0948006801F0AEFBF0
:1066E0000BE0BE4204D2BD4202D34FF0010804E0E9
:1066F000211D0448006801F0A1FB4046BDE8F0817F
:10670000EC050020E805002070B5054601F0BCFB53
:10671000A86B08B9012400E0002401F0DFFB20464B
:1067200070BD70B5054601F0AFFBA86BE96B884200
:1067300001D1012400E0002401F0D0FB204670BD0F
:10674000F8B505460F4616480068C068C468201DA5
:1067500001F038FBE06901281DD1A06941192B46E1
:106760003A462046FFF7A4FFA8B1002003462A4678
:1067700001460090204602F00DFD064656B900BFC6
:10678000502080F31188BFF34F8FBFF36F8F00BF8E
:1067900000BFFEE700BF2046616A8847F8BD0000E1
:1067A000E8050020F0B587B082E00398002811DAF0
:1067B00004AE56B900BF502080F31188BFF34F8F4D
:1067C000BFF36F8F00BF00BFFEE7D6E90020B168BE
:1067D000904700BF039800286ADB059C606908B9F0
:1067E000012000E0002010B9201D01F0EBFA02A802
:1067F00000F0C0F8054603980A2857D2DFE800F0F9
:1068000009050731334F0608323400BF00BF00BF0F
:1068100000BF0498A269811803462A462046FFF764
:1068200047FFE8B12046616A8847E069012817D12F
:10683000002000900498A1694218002319462046C0
:1068400002F0A8FC074657B900BF502080F311881A
:10685000BFF34F8FBFF36F8F00BF00BFFEE700BFD6
:1068600025E000BF23E000BF0498A061A06908B143
:10687000012000E0002050B900BF502080F31188B3
:10688000BFF34F8FBFF36F8F00BF00BFFEE7A0695C
:1068900041192B462A462046FFF70AFF07E094F8E5
:1068A0002C0010B9204601F037FB00E000BF00BF0C
:1068B000002203A90448006802F01AF800287FF4B7
:1068C00074AF07B0F0BD0000F0050020F8B5054634
:1068D0000C4601F033FD684600F04CF8064600987F
:1068E00020BB44B9B54206D802F0EAFA3146284640
:1068F000FFF726FF1CE03CB10E480068006808B9AD
:10690000012000E000200446A91B22460A48006836
:1069100001F0B2FB02F0D4FA50B94FF080500749B1
:106920000860BFF34F8FBFF36F8F01E002F0C8FA2A
:10693000F8BD0000EC050020F005002004ED00E0AB
:106940000A490968096809B9012100E0002121B15B
:106950004FF0FF31064A116006E004490968C96832
:10696000C868034A4168116070470000B005002004
:10697000DC05002070B5044602F052F905460748D0
:106980000068854204D200F00BF80120206001E08D
:106990000020206001480560284670BDF8050020F1
:1069A0002DE9F84332E024480068C06805682248B1
:1069B0000068C068C468201D01F004FA2046616ABE
:1069C0008847E069012821D1A0694619AE4207D95C
:1069D00066602461211D1848006801F02FFA15E057
:1069E000002003462A4601460090204602F0D2FBD2
:1069F000074657B900BF502080F31188BFF34F8F6F
:106A0000BFF36F8F00BF00BFFEE700BF0A480068FA
:106A1000006808B9012000E000200028C3D0064823
:106A2000D0F8008005480068034908600348C0F8B2
:106A30000080BDE8F8830000E8050020EC05002098
:106A40000E480068401C08B9012000E0002050B941
:106A500000BF502080F31188BFF34F8FBFF36F8FBB
:106A600000BF00BFFEE700BF502080F31188BFF3D6
:106A70004F8FBFF36F8F00BF00BFFEE718060020E7
:106A800010B502460020114652B900BF502383F3CF
:106A90001188BFF34F8FBFF36F8F00BF00BFFEE7BA
:106AA0000B4C4B69A34201D1012300E0002373B1D9
:106AB000084C8B6AA34201D1012300E0002333B9C3
:106AC0008B6A0BB9012300E0002303B1012010BD44
:106AD00010520020E851002008B500BF6846FFF7BB
:106AE00083FC044620460099FFF7F0FEFFF75AFEAC
:106AF000F4E770B5044601F0C7F994F9455010E089
:106B0000606A08B9012000E0002038B904F12400CF
:106B100002F08AF918B101F00FFB00E003E0681EF3
:106B200045B2002DECDC00BFFF2084F8450001F0E9
:106B3000D5F901F0A9F994F9445010E0206908B999
:106B4000012000E0002048B904F1100002F06CF9C7
:106B500008B101F0F1FA681E45B200E001E0002D35
:106B6000ECDC00BFFF2084F8440001F0B7F970BDF1
:106B70002DE9F04104464FF0000801F0DFFB4648E4
:106B8000006808B9FFF744FC44480068204000282A
:106B90006BD1D4B1083404F00700B0B104F00700A1
:106BA000C0F10800044404F0070008B9012000E027
:106BB000002050B900BF502080F31188BFF34F8FE1
:106BC000BFF36F8F00BF00BFFEE7002C4DD03448ED
:106BD0000068844249D8334E3046056801E02E46AD
:106BE0002D686868A04202D228680028F7D12A4898
:106BF0000068854239D0306800F1080828683060A4
:106C00006868001B102819D92F1907F0070008B968
:106C1000012000E0002050B900BF502080F311880F
:106C2000BFF34F8FBFF36F8F00BF00BFFEE76868F1
:106C3000001B78606C603846FFF706FD18496868ED
:106C40000968081A16490860084600681649096864
:106C5000884203D212480068134908600F496868E7
:106C60000968084368600020286002F029F908F0EC
:106C7000070008B9012000E0002050B900BF5020F3
:106C800080F31188BFF34F8FBFF36F8F00BF00BF3A
:106C9000FEE74046BDE8F08108060020140600200B
:106CA0000C060020000600201006002070B50446E7
:106CB000254654B900BF502080F31188BFF34F8F91
:106CC000BFF36F8F00BF00BFFEE701F0DDF82E6A53
:106CD00001F004F9304670BD001F4FF0807303606F
:106CE000001F21F001030360001F034B03601438F1
:106CF0000260203870470000416A000801460868B9
:106D00007047000030B595B0054613AB12AA09A92B
:106D1000284600F02FFA044614B1204615B030BDC5
:106D20000020149026E0224909689DF8502001EBCC
:106D3000C20113AB11AA486801A900F01BFA04466E
:106D40000CB12046EAE709A901A800F099FC60B956
:106D50009DF844009DF84810884201DD0220DDE7DF
:106D60009DF85000124988750AE09DF85000401CBB
:106D7000C0B214900E48007D9DF850108842D2DCBD
:106D800000BF0B48007D9DF85010884201D10420BF
:106D9000C4E714A9284600F0CDFA04460CB12046F9
:106DA000BCE79DF85000024948750020B6E7000096
:106DB000A8020020F0B59BB09548847D007DA042DC
:106DC00001DC1BB0F0BD9249096801EBC40107ABBF
:106DD00008AA486809A900F0CDF909A98DA0F9F71A
:106DE000A5FA002644E08A48018B0120B04001400A
:106DF000D9B1222189A0F9F799FA304600F020FB99
:106E0000834924314718394685A0F9F78FFA2221A2
:106E100082A0F9F78BFA304600F012FB7C4924314E
:106E2000084411A941F8260018E0304600F008FB9C
:106E300077492431085811A941F826007448C07DCB
:106E400030B911A850F8261076A0F9F76FFA05E0CE
:106E500011A850F8261074A0F9F768FA9DF82000E0
:106E6000401EB04202D072A0F9F760FA701CC6B2A0
:106E70009DF820008642B6DB6EA0F9F757FA00F0C5
:106E800013FB6348407D0B280DD2DFE800F0060DB0
:106E9000151E27323F4E5F7287005D49096851F821
:106EA00034008047054690E0594A126852F8341081
:106EB00011988847054688E0554B1B6853F83420E5
:106EC000DDE91101904705467FE0514F3F6857F8D3
:106ED000343011A807C89847054676E0DFF830C17E
:106EE000DCF800C05CF8347011A80FC8B84705463C
:106EF0006BE01598DFF818C10090DCF800C05CF872
:106F0000347011A80FC8B84705465EE0DDE91501E9
:106F1000DFF8FCC0CDE90001DCF800C05CF834709B
:106F200011A80FC8B84705464FE0DDE915121798BC
:106F3000DFF8DCC0CDE900120290DCF800C05CF89C
:106F4000347011A80FC8B84705463EE0DDE91523A7
:106F5000DDE91710DFF8B8C0CDE90023CDE9021054
:106F6000DCF800C05CF8347011A80FC8B8470546BB
:106F70002BE0DDE91623DDE91810CDE90123CDE989
:106F800003101598DFF888C00090DCF800C05CF8AA
:106F9000347011A80FC8B847054616E0DDE918326D
:106FA00017991A98CDE9033202910590DDE9150190
:106FB000DFF85CC0CDE90001DCF800C05CF834709B
:106FC00011A80FC8B847054600BF00BF00F048FA37
:106FD0009DF81C0001280CD10D48C07D20B9294620
:106FE00015A0F9F7A3F907E0294615A0F9F79EF9CE
:106FF00002E012A0F9F79AF9054890F8EC0028B1E0
:107000000348D0F8F01011A0F9F790F900BFD8E6C6
:10701000A80200200D0A2573280000002563000047
:1070200025730000256C64003058255800000000CE
:107030002C000000290000003D256C753B0D0A0066
:107040003D305825583B0D0A0000000046756E6320
:1070500074696F6E2052756E2054696D653A2564AF
:107060006D730D0A00000000F0B5034615460020C0
:107070000022002600245BE01F782C2F01D104B9E8
:1070800001221F78292F01D01F780FB904B950E0D1
:10709000002E3AD11F78302F02DB1F78392F17DDF1
:1070A0001F782D2F14D01F782B2F11D01F78612F10
:1070B00002DB1F78662F0BDD1F78412F02DB1F7864
:1070C000462F05DD1F78582F02D01F78782F0CD15E
:1070D00002B12EE01F78612F03DB1F78203F0F7075
:1070E00001E01F780F70491C1FE01F78222F04D188
:1070F00002B11EE00126012417E01F78202F14D0D2
:107100001F782C2F11D0FF2613E01F78222F00D1DB
:10711000002402B10DE044B11F785C2F02D15B1C4A
:10712000471CF8B21F780F70491C471CF8B25B1C53
:10713000A2E700BF00270F702E70F0BD10B5044607
:10714000002010700BE020780870641C491C107837
:10715000401C10701078984201DB012010BD20788F
:10716000202802D020780028EDD10020087000BF30
:10717000F4E700002DE9FF4F85B0804689460027DF
:10718000002004900390012002904FF0000B002596
:1071900044461DE02078202816D005F07F00052801
:1071A00012DA0DB945F0800505F07F00042803D1FF
:1071B00020782A2800D00EE0207805F07F010DF815
:1071C0000100681CC5B202E0852D00D103E0641CFB
:1071D00020780028DED100BF8DB1002005F07F01AE
:1071E0000DF8010051A1684600F04AFA18B90021D3
:1071F0000898017002E001210898017000254FF005
:10720000000A444614E0641C0AF1010000F0FF0A81
:107210002078202802D020782A2809D1204600F0A2
:10722000A1F90646282E03D02A2E01D0CDF810A0B1
:107230002078282802D020780028E4D144460498F9
:1072400010B10498401C04444FF0000A002654E09A
:10725000207810B94FF0010A50E02078282803D197
:1072600016B9781CC7B213E02078292808D13EB996
:1072700017B1781EC7B201E04FF0010A47B93DE0EF
:107280002078222804D10EB9012000E00020064613
:1072900047B9207820282FD0207889F8000009F1FC
:1072A000010929E020782C2804D101200290681CD3
:1072B000C5B214E02078202811D0207828280ED0DC
:1072C0004DB9BBF1050F06DA20780DF80B000BF174
:1072D000010000F0FF0B0298401CC0B20290012F89
:1072E0000AD10298022807D10298401CC0B202902D
:1072F0000398401CC0B20390641CA9E700BF039828
:10730000012809D100200DF80B0008A1684600F003
:10731000B7F908B900200390079903980870002076
:1073200089F80000504609B0BDE8F08F766F6964B7
:10733000000000002DE9F043B5B005460F460024DB
:10734000002604E000213D488155701CC6B20A2E7B
:10735000F8DB06E06D1C287818B9012035B0BDE8CF
:10736000F08328782828F5D16D1C61E034AA69469D
:107370002846FFF779FE064635449DF8D00020B137
:10738000012827D0FF284CD149E09DF8000000B328
:1073900033A9684600F0F1F806460EB10220DDE799
:1073A000204600F04DF825490A31339A0A50A1F1E0
:1073B0002400008B0121A140884320491A39088309
:1073C00004211E480155601CC4B20A2C01DD0320B3
:1073D000C4E726E0684600F06FF9401C00F0FF08A3
:1073E000204600F02DF815490A3100EB0109494605
:1073F000684600F056F911481A38018B0120A04068
:10740000014388B20D491A3908830C4800F80480FA
:10741000601CC4B20A2C01DD03209FE701E00220BA
:107420009CE700BF2878292801D0287800B900E01F
:107430009CE700BF3C70002090E70000C2020020E3
:1074400002460020002105E0044B5B5C0344D8B2F7
:107450004B1CD9B29142F7DB70470000C2020020FA
:1074600010B501F0E3FB044604480068201A044903
:10747000C1F8F0000846D0F8F00010BD90020020DE
:10748000A802002001200149C8757047A802002009
:1074900010B50246012000E050430B1EA1F101048B
:1074A000E1B2F9D110BD000010B501F0BFFB0149F8
:1074B000086010BD9002002070B506460C46002002
:1074C0003055184881683046884705461DB915492A
:1074D000C868804721E0304600F0FAF80446012CE5
:1074E00000D0E5B2CDB1012D06D0022D08D0032D7C
:1074F0000AD0042D10D10BE00BA0F8F717FF0BE01A
:107500000CA0F8F713FF07E00DA0F8F70FFF03E05A
:107510000EA0F8F70BFF00BF00BF00201049088045
:1075200070BD0000A8020020BAAFCAFDB4EDCEF3D2
:10753000210D0A00B2CECAFDB4EDCEF3210D0A0032
:10754000B2CECAFDCCABB6E0210D0A00CEB4D5D286
:10755000B5BDC6A5C5E4B5C4BAAFCAFD210D0A00C4
:10756000940200200146491C00E0491C08782028AC
:1075700001D10029F9D1087870472DE9F04F05466F
:107580000F4600264FF00A09B3462C46002038600B
:1075900034E02078392802DC2078302811DA287885
:1075A0002D2802D028782B2800D156B120784628E3
:1075B00002DC2078412804DA2078582817D1012EDF
:1075C00015D12078412801DB4FF0100928782D28AB
:1075D00003D14FF0020B6D1C0FE028782B2803D14C
:1075E0004FF0010B6D1C08E0701CC6B205E020785E
:1075F00000B904E00120BDE8F08F641CC9E700BFBA
:107600002C46B9F1100F0FD1032E01DA0220F2E758
:107610002078302806D16078582803D1A41CB01EE9
:10762000C6B204E00320E6E70EB90420E3E71BE05E
:107630000EB1701EC6B22078392806DC20783028BA
:1076400003DB2078A0F1300A02E02078A0F1370AAD
:1076500031464846FFF71CFF39680AFB00103860C6
:10766000641C207800B900E0E2E700BFBBF1020F24
:1076700004D13868C0F10008C7F800800020BAE7DC
:1076800002460AE010780B78984201D0012070473A
:10769000107800B902E0521C491CF3E700BF00203B
:1076A000F5E706E002780A70027802B902E0401CB1
:1076B000491CF7E700BF70470146002005E00A7843
:1076C00002B903E0421CD0B2491CF8E700BF704782
:1076D00010B58CB004461E230BAA03A92046FFF761
:1076E0002DFD0090009810B101200CB010BD9DF848
:1076F0002C00044400200B900EE040489DF82C2004
:1077000050F8221003A8FFF7BBFF00B908E09DF86E
:107710002C00401CC0B20B909DF82C000728ECD325
:1077200000BF9DF82C00072863D2DFE800F00405B5
:107730003C5E6564630000BF31A0F8F7F7FD31A03F
:10774000F8F7F4FD3FA0F8F7F1FD4EA0F8F7EEFDD5
:107750005CA0F8F7EBFD6BA0F8F7E8FD79A0F8F76F
:10776000E5FD87A0F8F7E2FD8CA0F8F7DFFD94A017
:10777000F8F7DCFD98A0F8F7D9FD9DA0F8F7D6FD45
:10778000A2A0F8F7D3FDA8A0F8F7D0FDB4A0F8F7B1
:10779000CDFDC1A0F8F7CAFDCCA0F8F7C7FDD8A071
:1077A000F8F7C4FDA2E216A0F8F7C0FDE4A0F8F7D0
:1077B000BDFD00200B900EE0F14800689DF82C20E4
:1077C00000EBC2004168EFA0F8F7B0FD9DF82C0077
:1077D000401CC0B20B90EA48007D9DF82C108842F6
:1077E000EADC07A0F8F7A2FD80E205A0F8F79EFD0D
:1077F000CCE179E24DE221E2F4E1000074020020E4
:107800000D0A00002D2D2D2D2D2D2D2D2D2D2D2D45
:107810002D2D2D2D2D2D2D2D2D2D2D2D55534D4116
:1078200052542056332E332D2D2D2D2D2D2D2D2D13
:107830002D2D2D2D2D2D2D2D2D2D2D2D2D2D2D2085
:107840000D0A00002020202055534D415254CAC734
:10785000D3C9414C49454E54454BBFAAB7A2B5C404
:10786000D2BBB8F6C1E9C7C9B5C4B4AEBFDAB5F783
:10787000CAD4BBA5BDBBD7E9BCFE2CCDA8B9FD20A1
:107880000D0A0000CBFC2CC4E3BFC9D2D4CDA8B9EB
:10789000FDB4AEBFDAD6FACAD6B5F7D3C3B3CCD0EF
:1078A000F2C0EFC3E6B5C4C8CEBACEBAAFCAFD2C9B
:1078B000B2A2D6B4D0D02ED2F2B4CB2CC4E3BFC97E
:1078C0000D0A0000D2D4CBE6D2E2B8FCB8C4BAAFFD
:1078D000CAFDB5C4CAE4C8EBB2CECAFD28D6A7B368
:1078E000D6CAFDD7D62831302F3136BDF8D6C62CB2
:1078F000D6A7B3D6B8BACAFD29A1A2D7D6B7FBB4CA
:10790000AE0D0A00A1A2BAAFCAFDC8EBBFDAB5D866
:10791000D6B7B5C8D7F7CEAAB2CECAFD292CB5A521
:10792000B8F6BAAFCAFDD7EEB6E0D6A7B3D63130B7
:10793000B8F6CAE4C8EBB2CECAFD2CB2A2D6A7B341
:10794000D60D0A00BAAFCAFDB7B5BBD8D6B5CFD4ED
:10795000CABE2ED6A7B3D6B2CECAFDCFD4CABEBD3C
:10796000F8D6C6C9E8D6C3B9A6C4DC2CD6A7B3D608
:10797000BDF8D6C6D7AABBBBB9A6C4DC2E0D0A007B
:10798000BCBCCAF5D6A7B3D63A7777772E6F7065A9
:107990006E6564762E636F6D0D0A000055534D4180
:1079A0005254D3D037B8F6CFB5CDB3C3FCC1EE280F
:1079B000B1D8D0EBD0A1D0B4293A0D0A0000000014
:1079C0003F3A202020202020BBF1C8A1B0EFD6FAFA
:1079D000D0C5CFA20D0A000068656C703A20202047
:1079E000BBF1C8A1B0EFD6FAD0C5CFA20D0A0000F6
:1079F0006C6973743A202020BFC9D3C3B5C4BAAF31
:107A0000CAFDC1D0B1ED0D0A0A00000069643A2038
:107A100020202020BFC9D3C3BAAFCAFDB5C4494492
:107A2000C1D0B1ED0D0A0A006865783A2020202007
:107A3000B2CECAFD3136BDF8D6C6CFD4CABE2CBA36
:107A4000F3B8FABFD5B8F12BCAFDD7D6BCB4D6B4BB
:107A5000D0D0BDF8D6C6D7AABBBB0D0A0A0000001D
:107A60006465633A20202020B2CECAFD3130BDF8D3
:107A7000D6C6CFD4CABE2CBAF3B8FABFD5B8F12B4C
:107A8000CAFDD7D6BCB4D6B4D0D0BDF8D6C6D7AA16
:107A9000BBBB0D0A0A00000072756E74696D653A11
:107AA000312CBFAAC6F4BAAFCAFDD4CBD0D0BCC665
:107AB000CAB13B302CB9D8B1D5BAAFCAFDD4CBD0FE
:107AC000D0BCC6CAB13B0D0A0A000000C7EBB0B477
:107AD000D5D5B3CCD0F2B1E0D0B4B8F1CABDCAE4C8
:107AE000C8EBBAAFCAFDC3FBBCB0B2CECAFDB2A2EE
:107AF000D2D4BBD8B3B5BCFCBDE1CAF82E0D0A0088
:107B00002D2D2D2D2D2D2D2D2D2D2D2D2D2D2D2DA5
:107B10002D2D2D2D2D2D2D2D2D2D414C49454E54E6
:107B2000454B2D2D2D2D2D2D2D2D2D2D2D2D2D2D4F
:107B30002D2D2D2D2D2D2D2D2D2D2D200D0A00001F
:107B40002D2D2D2D2D2D2D2D2D2D2D2D2D2D2D2D65
:107B50002D2D2D2D2D2D2D2D2DBAAFCAFDC7E5B5FF
:107B6000A52D2D2D2D2D2D2D2D2D2D2D2D2D2D2DCD
:107B70002D2D2D2D2D2D2D2D2D2D2D2D200D0A00B2
:107B8000A802002025730D0A0000000059A0F8F794
:107B9000CDFB00200B901AE0664909689DF82C2067
:107BA00001EBC20101AB02AA486803A9FFF7E2FAA0
:107BB000604800689DF82C1050F8312003A95EA0A1
:107BC000F8F7B4FB9DF82C00401CC0B20B9059484C
:107BD000007D9DF82C108842DEDCAFF2DC30F8F737
:107BE000A5FB83E0AFF2E830F8F7A0FB0BAA03A9EE
:107BF0002046FFF739FA9DF82C00C8B9694603A85A
:107C0000FFF7BBFC0B909DF82C0020B94FA000990A
:107C1000F8F78CFB0EE09DF82C00042801D0022020
:107C200063E54DA0F8F782FB01204249C87501E0E9
:107C300002205AE547A0F8F779FB57E045A0F8F78E
:107C400075FB0BAA03A92046FFF70EFA9DF82C003E
:107C5000C8B9694603A8FFF790FC0B909DF82C006B
:107C600020B942A00099F8F761FB0EE09DF82C00C6
:107C7000042801D0022038E53FA0F8F757FB002088
:107C80002C49C87501E002202FE532A0F8F74EFB21
:107C90002CE030A0F8F74AFB0BAA03A92046FFF717
:107CA000E3F99DF82C00C8B9694603A8FFF765FC05
:107CB0000B909DF82C0078B91E49009881F8EC00D3
:107CC000084690F8EC0018B130A0F8F72FFB07E059
:107CD00035A0F8F72BFB03E0022006E5022004E5BF
:107CE0001CA0F8F723FB01E00120FEE400BF002008
:107CF000FBE400002D2D2D2D2D2D2D2D2D2D2D2D89
:107D00002D2D2D2D2D2D2D2D2D2D2D2D2DBAAFCAF7
:107D1000FD204944202D2D2D2D2D2D2D2D2D2D2DAA
:107D20002D2D2D2D2D2D2D2D2D2D2D2D2D2D2D2D83
:107D3000200D0A00A80200202573206964206973C1
:107D40003A0D0A3058253038580D0A004845583A3F
:107D5000305825580D0A00003136BDF8D6C6B2CECF
:107D6000CAFDCFD4CABE210D0A0000004445433AE3
:107D7000256C750D0A0000003130BDF8D6C6B2CEB4
:107D8000CAFDCFD4CABE210D0A00000052756E2074
:107D900054696D652043616C63756C6174696F6EC5
:107DA000204F4E0D0A00000052756E2054696D651B
:107DB0002043616C63756C6174696F6E204F464639
:107DC0000D0A000001460A69D1E901309860D1E945
:107DD000010358605068884201D1886850600020D3
:107DE00008611068401E106010687047034B036004
:107DF000034B0B6080231360704700003C5300204E
:107E000098530020034B0360034B0B604FF48073C7
:107E10001360704798550020F455002000F10801C8
:107E200041604FF0FF31816000F10801C1600161E4
:107E300000210160704700210161704710B50246C2
:107E40000B685C1C0CB9106907E002F1080000E047
:107E50004068446824689C42FAD944684C604C6885
:107E6000A160886041600A611468641C146010BDE0
:107E700042684A6093688B609368596091600861BA
:107E800003685B1C0360704700BF502080F31188BB
:107E9000BFF34F8FBFF36F8F00BF0E480068401CC9
:107EA0000C49086008460068012812D10A48006899
:107EB000C0B208B9012000E0002050B900BF502036
:107EC00080F31188BFF34F8FBFF36F8F00BF00BFE8
:107ED000FEE770471806002004ED00E00D4800683A
:107EE00050B900BF502080F31188BFF34F8FBFF30C
:107EF0006F8F00BF00BFFEE706480068401E0549BF
:107F000008600846006820B9002080F3118800BF8F
:107F100000BF70471806002070B506463546002E93
:107F20003FD0083D2C461F4960680968084008B1E9
:107F3000012000E0002050B900BF502080F31188DC
:107F4000BFF34F8FBFF36F8F00BF00BFFEE7206806
:107F500008B9012000E0002050B900BF502080F394
:107F60001188BFF34F8FBFF36F8F00BF00BFFEE7D5
:107F70000C4960680968084098B1206888B90949C7
:107F8000606809688843606000F0D8F90649606855
:107F900009680844044908602046FEF755FB00F0D4
:107FA0008FFF70BD140600200C06002000204FF04B
:107FB000E02108618861064800684FF47A71B0FBDF
:107FC000F1F0401E4FF0E021486107200861704742
:107FD000A805002070B5F8F771F90446102C16D3E7
:107FE00004F1E02090F8F05315480078854201DB59
:107FF000012000E0002050B900BF502080F311881C
:10800000BFF34F8FBFF36F8F00BF00BFFEE70D4878
:10801000006800F4E0600C490968884201D801203A
:1080200000E0002050B900BF502080F31188BFF35A
:108030004F8FBFF36F8F00BF00BFFEE770BD000022
:108040001C0600200CED00E0200600200246002067
:108050000BE0084B53F8303033B9064B43F830107F
:1080600003EBC0035A6002E0401C0828F1D300BFB4
:1080700070470000204D00202DE9F04105460E46D6
:1080800017462C46FFF700FF94F94400401C10B936
:10809000002084F8440094F94500401C10B90020E9
:1080A00084F84500FFF71AFFA06B28B93A4631461D
:1080B00004F1240000F062F82046FEF71AFDBDE846
:1080C000F081000070B504460025D4B11248006864
:1080D00008B9012000E0002050B900BF502080F313
:1080E0001188BFF34F8FBFF36F8F00BF00BFFEE754
:1080F00000F024F900212046FEF702F800F0E0FE2F
:1081000005463DB94FF0805004490860BFF34F8FDA
:10811000BFF36F8F70BD0000E405002004ED00E0A8
:10812000034909680160034909684160704700001C
:10813000D4050020C00500200120014908607047D7
:10814000D005002070B504460D4654B900BF50203C
:1081500080F31188BFF34F8FBFF36F8F00BF00BF55
:10816000FEE70548016818312046FFF767FE012148
:108170002846FDF7C5FF70BDAC05002070B505466B
:108180000E46144655B900BF502080F31188BFF346
:108190004F8FBFF36F8F00BF00BFFEE70648016837
:1081A00018312846FFF764FE0CB14FF0FF36214628
:1081B0003046FDF7A5FF70BDAC05002010B586B0B8
:1081C00000200590049003AA04A905A8FFF70EFE5D
:1081D0000022DDE904101346CDE9002102901EA122
:1081E0001F48039A00F0B0FC1E490860084600686A
:1081F00008B1012400E00024012C02D100F08EFF20
:108200000446012C15D100BF502080F31188BFF324
:108210004F8FBFF36F8F00BF4FF0FF3012490860E0
:1082200001201249086000201149086000F0D8F8C8
:1082300010E0601C08B1012000E0002050B900BF30
:10824000502080F31188BFF34F8FBFF36F8F00BFB3
:1082500000BFFEE706B010BD49444C4500000000D9
:108260008D640008E0050020DC050020C805002022
:10827000C005002070B50546FFF706FE15B9294870
:10828000006800E028460446201DFFF79BFDA06A19
:1082900018B104F11800FFF795FD211D2248FFF7E2
:1082A000E7FD94F85800012802D1002084F8580016
:1082B000FFF714FE1D48006828B1FFF7E5FDFEF743
:1082C0003FFBFFF70BFE17480068844229D117488F
:1082D0000068D0B11648006808B9012000E000200D
:1082E00050B900BF502080F31188BFF34F8FBFF308
:1082F0006F8F00BF00BFFEE74FF080500D49086050
:10830000BFF34F8FBFF36F8F0BE0074800680A4938
:108310000968884203D100200249086001E000F0AA
:1083200015F870BDAC05002010520020C8050020D3
:10833000E405002004ED00E0BC05002002480068D0
:10834000401C014908607047E40500201E48006891
:1083500018B101201D49086034E000201B49086065
:108360001B4801680CE051B900BF502080F3118810
:10837000BFF34F8FBFF36F8F00BF00BFFEE7491EF3
:1083800001EB8100134A52F8200008B9012000E0F7
:1083900000200028E7D101EB81020E4B03EB8200A5
:1083A00042685268426000F108024368934202D179
:1083B0004268526842604268D268074B1A600448BB
:1083C000016000BF70470000E4050020D0050020D8
:1083D000C4050020604D0020AC05002001607047FE
:1083E0001CB53849084600780190FF200A461070F5
:1083F0000846007800909DF8000000F0F0009DF81D
:108400000020904201D1012000E0002050B900BFBF
:10841000502080F31188BFF34F8FBFF36F8F00BFE1
:1084200000BFFEE79DF8000000F05000264A1070E3
:108430000720264A106009E024480068401E234AAD
:1084400010609DF800004006000E00909DF80000AE
:1084500000F080008028EFD01C480068C0F10700C1
:10846000042801D1012000E0002050B900BF5020B5
:1084700080F31188BFF34F8FBFF36F8F00BF00BF32
:10848000FEE7124800680002104A1060104600889B
:1084900000F4E06010600B4A019810700C4800680E
:1084A00040F470000A4908600846006840F07040D7
:1084B0000860FFF77BFD002006490860F7F7C8FE5B
:1084C00000201CBD00E400E01C0600202006002067
:1084D00020ED00E0180600202DE9F84380460E4606
:1084E00017461D46DDF82090B8F1000F01D001209D
:1084F00000E0002050B900BF502080F31188BFF386
:108500004F8FBFF36F8F00BF00BFFEE70DB101209B
:1085100000E0002050B900BF502080F31188BFF365
:108520004F8FBFF36F8F00BF00BFFEE707B10EB1E3
:10853000012000E0002050B900BF502080F31188D6
:10854000BFF34F8FBFF36F8F00BF00BFFEE707B9C8
:108550000EB9012000E0002050B900BF502080F388
:108560001188BFF34F8FBFF36F8F00BF00BFFEE7CF
:10857000502000900098502801D1012000E00020F8
:1085800050B900BF502080F31188BFF34F8FBFF365
:108590006F8F00BF00BFFEE72C464CB1012084F86E
:1085A00046004B463A46314640460094FDF782FF6E
:1085B0002046BDE8F883000070B505460E462C46FF
:1085C00054B900BF502080F31188BFF34F8FBFF321
:1085D0006F8F00BF00BFFEE7FFF756FCD4E90F1214
:1085E000206801FB020060600020A0632068A0609A
:1085F000E06B401E226C216800FB0210E060FF204F
:1086000084F8440084F845009EB9206908B9012027
:1086100000E00020A8B904F1100000F005FC80B1D2
:108620004FF0805009490860BFF34F8FBFF36F8F41
:1086300007E004F11000FFF7F1FB04F12400FFF75D
:10864000EDFBFFF74BFC012070BD000004ED00E0E6
:108650002DE9FF4383B0064688461D464FF00009CA
:10866000344654B900BF502080F31188BFF34F8FB8
:10867000BFF36F8F00BF00BFFEE7B8F1000F01D15D
:10868000206C08B9012000E0002050B900BF502044
:1086900080F31188BFF34F8FBFF36F8F00BF00BF10
:1086A000FEE7022D02D1E06B012801D1012000E09C
:1086B000002050B900BF502080F31188BFF34F8FC6
:1086C000BFF36F8F00BF00BFFEE700F099FA08B953
:1086D000059808B9012000E0002050B900BF5020E3
:1086E00080F31188BFF34F8FBFF36F8F00BF00BFC0
:1086F000FEE700BFFFF7C8FBA06BE16B884201D328
:10870000022D28D12A4641462046FDF706FE07469F
:10871000606A08B9012000E0002068B904F1240073
:1087200000F082FB88B14FF0805032490860BFF3FF
:108730004F8FBFF36F8F08E03FB14FF080502D494E
:108740000860BFF34F8FBFF36F8FFFF7C7FB0120A8
:1087500007B0BDE8F083059818B9FFF7BFFB00200C
:10876000F6E7B9F1000F04D101A8FFF7D9FC4FF0EB
:108770000109FFF7B3FBFFF7E1FDFFF785FB94F974
:108780004400401C10B9002084F8440094F94500CE
:10879000401C10B9002084F84500FFF79FFB05A995
:1087A00001A800F059F9F0B92046FDF7BAFFA0B1D1
:1087B00004F110000599FFF7C5FC2046FEF799F972
:1087C00000F07EFB002895D14FF0805009490860E9
:1087D000BFF34F8FBFF36F8F8CE72046FEF789F909
:1087E00000F06EFB86E72046FEF783F900F068FB99
:1087F0000020ADE704ED00E02DE9F05F07468A4672
:1088000090461E463C4654B900BF502080F3118864
:10881000BFF34F8FBFF36F8F00BF00BFFEE7BAF10A
:10882000000F01D1206C08B9012000E0002050B9F0
:1088300000BF502080F31188BFF34F8FBFF36F8FBD
:1088400000BF00BFFEE7022E02D1E06B012801D17C
:10885000012000E0002050B900BF502080F31188B3
:10886000BFF34F8FBFF36F8F00BF00BFFEE7FFF76F
:10887000B1FB00BF5021EFF3118081F31188BFF3EA
:108880004F8FBFF36F8F00BF0546A06BE16B88422F
:1088900001D3022E23D194F945B0324651462046E9
:1088A000FDF73BFD0BF1010088B9606A08B90120B2
:1088B00000E0002080B904F1240000F0B5FA58B1BE
:1088C000B8F1000F08D00120C8F8000004E00BF157
:1088D000010040B284F845004FF0010901E04FF07B
:1088E000000900BF85F3118800BF4846BDE8F09F2E
:1088F0002DE9F74183B005460E464FF000082C469F
:1089000054B900BF502080F31188BFF34F8FBFF3DD
:108910006F8F00BF00BFFEE70EB9206C08B90120C1
:1089200000E0002050B900BF502080F31188BFF351
:108930004F8FBFF36F8F00BF00BFFEE700F060F9FD
:1089400008B9059808B9012000E0002050B900BF1F
:10895000502080F31188BFF34F8FBFF36F8F00BF9C
:1089600000BFFEE700BFFFF78FFAA76BF7B13146F4
:108970002046FDF7BDFC781EA063206908B90120E0
:1089800000E0002060B904F1100000F04DFA38B1A9
:108990004FF080502F490860BFF34F8FBFF36F8FA8
:1089A000FFF79CFA012006B0BDE8F081059818B9E0
:1089B000FFF794FA0020F6E7B8F1000F04D101A800
:1089C000FFF7AEFB4FF00108FFF788FAFFF7B6FCA0
:1089D000FFF75AFA94F94400401C10B9002084F8BB
:1089E000440094F94500401C10B9002084F845006B
:1089F000FFF774FA05A901A800F02EF8F0B9204697
:108A0000FDF782FEA0B104F124000599FFF79AFB5F
:108A10002046FEF76EF800F053FA0028A3D14FF07D
:108A200080500C490860BFF34F8FBFF36F8F9AE7F8
:108A30002046FEF75EF800F043FA94E72046FEF782
:108A400058F800F03DFA2046FDF75EFE00288AD077
:108A50000020A8E704ED00E070B505460C4655B9C6
:108A600000BF502080F31188BFF34F8FBFF36F8F8B
:108A700000BF00BFFEE754B900BF502080F311884B
:108A8000BFF34F8FBFF36F8F00BF00BFFEE7FFF74D
:108A9000FBF9124802686868131A2068401C08B97C
:108AA000002617E00E4928680968884204D06868E3
:108AB000904201D801260DE02068984207D920682D
:108AC000C01A20602846FFF72BFB002602E000209A
:108AD00020600126FFF702FA304670BDC005002075
:108AE000D40500202DE9FF4F85B080468946174602
:108AF000DDE912ABB800FEF73BF8064656B15C2044
:108B0000FEF736F804460CB1266304E03046FFF762
:108B100003FA00E000248CB1002084F85900CDE96C
:108B200000ABCDE902403A4649464046089BFDF776
:108B3000D6FC2046FDF722FB012501E04FF0FF3572
:108B4000284609B0BDE8F08F2DE9F04F85B0074603
:108B5000884691469A46DDE90EB6109C0EB101207A
:108B600000E0002050B900BF502080F31188BFF30F
:108B70004F8FBFF36F8F00BF00BFFEE70CB1012026
:108B800000E0002050B900BF502080F31188BFF3EF
:108B90004F8FBFF36F8F00BF00BFFEE75C200390D5
:108BA00003985C2801D1012000E0002050B900BFEB
:108BB000502080F31188BFF34F8FBFF36F8F00BF3A
:108BC00000BFFEE7B4B1AEB125462C462E630220AD
:108BD00085F85900002004A953464A46CDE900B162
:108BE000CDE9025041463846FDF779FC2846FDF7AD
:108BF000C5FA01E000200490049805B0BDE8F08FAC
:108C00000549096809B9012005E00449096809B95D
:108C1000022000E000207047C8050020E405002085
:108C20000149086870470000C005002070B5FFF7D3
:108C3000D1F9002501480468204670BDC005002018
:108C40002DE9F0414FF0000843480068002876D134
:108C500042480068451C4148056015BB4048006813
:108C6000006808B9012000E0002050B900BF502082
:108C700080F31188BFF34F8FBFF36F8F00BF00BF2A
:108C8000FEE73748076837480068354908603548C7
:108C9000076035480068401C33490860FDF750FE06
:108CA00000BF3248006885423BD300BF2C480068B3
:108CB000006808B9012000E0002020B14FF0FF302B
:108CC0002A4908602CE026480068C068C4686668C5
:108CD000B54202D22548066022E0201DFFF772F857
:108CE000A06A18B104F11800FFF76CF82049E06A97
:108CF0000968884202D91E49E06A0860E16A01EB0E
:108D000081011C4A02EB8100211DFFF7B1F81A49CD
:108D1000E06A0968C96A8842C8D34FF00108C5E70C
:108D200000BF15480068C06A00EB8000114951F887
:108D30002000012801D94FF0010805E0FFE70F48A6
:108D40000068401C0D4908600D48006808B14FF0EC
:108D500001084046BDE8F081E4050020C005002080
:108D6000B0050020B4050020D4050020DC0500205B
:108D7000C4050020604D0020AC050020CC0500207B
:108D8000D005002070B505462C460026002D43D0A6
:108D900022480068844201D1012000E0002050B93F
:108DA00000BF502080F31188BFF34F8FBFF36F8F48
:108DB00000BF00BFFEE7206D50B900BF502080F318
:108DC0001188BFF34F8FBFF36F8F00BF00BFFEE767
:108DD000206D401E2065E16CE06A88421CD0206D49
:108DE000D0B9201DFEF7EEFFE06CE062E06AC0F152
:108DF0003800A0610A49E06A0968884202D9084936
:108E0000E06A0860E16A01EB8101064A02EB810039
:108E1000211DFFF72DF80126304670BDAC0500205E
:108E2000C4050020604D002070B50646F068C46897
:108E300054B900BF502080F31188BFF34F8FBFF3A8
:108E40006F8F00BF00BFFEE704F11800FEF7BAFF06
:108E500015480068A0B9201DFEF7B4FF1349E06A69
:108E60000968884202D91149E06A0860E16A01EBA9
:108E700081010F4A02EB8100211DFEF7F9FF04E09A
:108E800004F118010B48FEF7F3FF0B49E06A09688B
:108E9000C96A884204D9012501200849086000E018
:108EA0000025284670BD0000E4050020C405002010
:108EB000604D0020E8510020AC050020D0050020C6
:108EC00070B5002400263648006850B900BF502015
:108ED00080F31188BFF34F8FBFF36F8F00BF00BFC8
:108EE000FEE7FEF7D1FF2E480068401E2C490860BF
:108EF0000846006800284ED12A48006800284AD059
:108F000023E02948C068C46804F11800FEF75AFF3E
:108F1000201DFEF757FF2549E06A0968884202D9FB
:108F20002249E06A0860E16A01EB8101204A02EB14
:108F30008100211DFEF79CFF1E49E06A0968C96A8D
:108F4000884202D301201C4908601748006808B90C
:108F5000012000E000200028D3D00CB1FDF7F0FC88
:108F60001648056865B100BFFFF76AFE10B1012021
:108F7000114908606D1E002DF6D100200F490860D0
:108F80000D48006838B1012630070D490860BFF36D
:108F90004F8FBFF36F8FFEF7A1FF304670BD00000B
:108FA000E4050020BC050020E8510020C405002095
:108FB000604D0020AC050020D0050020CC0500202D
:108FC00004ED00E02DE9F04106460027344656B98D
:108FD00000BF502080F31188BFF34F8FBFF36F8F16
:108FE00000BF00BFFEE7FEF7F5FF00BF5021EFF323
:108FF000118081F31188BFF34F8FBFF36F8F00BFD4
:1090000005462046FDF73CFD18B315480068D8B961
:109010001449E06A0968C96A884200D30127201D03
:10902000FEF7D0FE1049E06A0968884202D90E496D
:10903000E06A0860E16A01EB81010C4A02EB810001
:10904000211DFEF715FF04E004F118010848FEF7A2
:109050000FFF00BF85F3118800BF3846BDE8F081DF
:10906000E4050020AC050020C4050020604D002070
:10907000E85100202DE9FC4705460E461746984664
:10908000DDF828903020FDF773FD044654B14346C7
:109090003A4631462846CDE90094FDF77AFA002099
:1090A00084F82C002046BDE8FC872DE9FC470646E5
:1090B0000F4690469946DDE90AA5302001900198B7
:1090C000302801D1012000E0002050B900BF50201D
:1090D00080F31188BFF34F8FBFF36F8F00BF00BFC6
:1090E000FEE755B900BF502080F31188BFF34F8FC2
:1090F000BFF36F8F00BF00BFFEE72C4654B14B4655
:10910000424639463046CDE900A4FDF742FA012037
:1091100084F82C002046BDE8FC87000010B586B01E
:109120000024FDF787F816480068D0B100200590AC
:10913000049003AA04A905A8FEF764FE0222DDE953
:1091400004100023CDE9002102900EA10F48039ADC
:10915000FFF7FAFC0E4908600846006800B10124D8
:1091600000BF54B900BF502080F31188BFF34F8F68
:10917000BFF36F8F00BF00BFFEE7204606B010BDF3
:10918000F0050020546D722053766300D96A000800
:10919000F40500202DE9FF4704460D4616461F46FC
:1091A000DDF830804FF0000954B900BF502080F343
:1091B0001188BFF34F8FBFF36F8F00BF00BFFEE773
:1091C0001448006810B3009501960294062D15DA34
:1091D000FFF716FD022808D10023424669460D48D4
:1091E0000068FFF735FA814610E000231A46694609
:1091F00008480068FFF72CFA814607E000233A464A
:10920000694604480068FFF7F7FA8146484604B00B
:10921000BDE8F087F005002021F00042A2F1605285
:10922000B2F5801F01F0004328BFD2F17F6C0BD94B
:109230005FEA001C43EAC20242EB507018BF70475D
:1092400028BF20F001007047B2F5801FBCBF184650
:1092500070474FEA410C1CF5001F02D2084600F08F
:109260008ABF70B500F07EFB00000089FFF7F6BFF3
:109270004FF00040A0F580007047000010B591EA63
:10928000030F48BF83F0004300F1D483841A71EBCD
:10929000030C05D2121943EB0C03001B61EB0C010C
:1092A000DFF824E14FEA1154A4EB135C1EEA430FEC
:1092B00018BF9EEA445F73D023EA0E03DCF1200E50
:1092C00021EA045143F4801332D322FA0CFE10EB4E
:1092D0000E0023FA0CFE41EB0E01CCF1200E03FA36
:1092E0000EFE10EB0E0051F10001B1F5801FCCF124
:1092F000200E32D201EB045112FA0EF2BDE81040FA
:1093000058BF7047401C38BF5FEA420218BF704721
:10931000002814BF20F0010041F100014FEA410391
:1093200013F5001F38BF7047A1F1C04100F068BBC2
:10933000012A43EB0302ACF1200CDCF11F0E32BF1B
:109340004FF0000E23FA0CF310EB030041EB045135
:10935000B4EB115FD0D0A1EB045101F580114908A5
:109360005FEA300001EB04510ED350F1000038BF2A
:1093700012FA0EFE08D1BDE81040C9E7401C38BF04
:109380005FEA4202CAD1C3E7BDE810404FEA410399
:1093900013F5001F38BF7047A1F1C04100F030BB8A
:1093A0009EEA445F08D011EA5E0FBDE8104004BF9A
:1093B00001F0004100207047BDE8104070B500F09A
:1093C000D1FA00BF64FBBE3E0000E0FF491058BF69
:1093D000C1F140415B1058BFC3F140438B42EFF3F2
:1093E000008070472DE9C04130B4DFF8A0C23CEAEC
:1093F000111418BF3CEA131400F0EC8081EA030555
:109400001CEA111444EAD57418BF1CEA131500F0C5
:10941000C780A4EB05044FF0004545EAC12145EAA9
:10942000C32341EA505143EA525304F17F749942F5
:1094300004F500344FEAC0204FEAC22208BF904230
:1094400000F09C804FEA13650FF24016765D4FEAFC
:10945000134506FB05F7C7F1807706FB07F74FEAD0
:10946000D737A7FB03687642C8F58038A7FB06CE3E
:1094700038BFA8F1010807FB08E64FF0000EA6FB75
:10948000028CE6FB03CEDCF1000CCEF1004E38BFBF
:10949000AEF1010EA6FB0C584FF000074FF000058F
:1094A000E6FB0E87A1FB08C6A0FB07CE16EB0E0657
:1094B00045F10005E1FB076515F1E04E7EBFA4F51F
:1094C00080345FEA46066D4116F1800745F10005DC
:1094D0004FEA17274FEA066647EA0567A6F1DE4618
:1094E000B6F1805F4FEA15251FD9384624F0010CEC
:1094F00005EBC471BCF1FE6F01EB0C1102D8F0BC9E
:10950000BDE8008124425CBF01F5801E9EEAC47F55
:1095100002D4F0BCBDE80081244238D4F0BCA1F1F3
:10952000C041BDE8004100F06BBA4FEAD22242EAE6
:1095300043524FEAD323A7FB02864FEAD02040EAEA
:10954000415007FB03661EEA0E0F4FEAD12105FBCF
:10955000026658BFA6EB0056B6EB00564FEA520E15
:109560004EEAC37E18EB0E0E56EB530EBDD518EB2C
:1095700002085E417F1C55F10005B6E74FF48015E7
:109580004FF000074FF000064FF00008ADE7F0BCC9
:109590004FF0000001F1C04101F00041BDE8008141
:1095A00011EA0C1F0CEA131500D00CE013EA0C1F93
:1095B00000F025804FF00000F0BC81EA030101F0CB
:1095C0000041BDE80081F0BCBDE8004181EA030133
:1095D00000F016BAF0BCBDE8004170B500F0C2F969
:1095E000097EFC3E00F007B881EA03014FF000005D
:1095F00001F00041704781EA030100F001BAF0BCBC
:10960000BDE800414FF0000021497047FFFDFBF924
:10961000F7F5F4F2F0EEEDEBE9E8E6E4E3E1E0DEA5
:10962000DDDBDAD8D7D5D4D3D1D0CFCDCCCBCAC817
:10963000C7C6C5C4C2C1C0BFBEBDBCBBBAB9B8B73E
:10964000B6B5B4B3B2B1B0AFAEADACABAAA9A8A831
:10965000A7A6A5A4A3A3A2A1A09F9F9E9D9C9C9BFF
:109660009A999998979796959594939392919190AA
:109670008F8F8E8E8D8C8C8B8B8A8989888887873B
:109680008685858484838382828181800000FF07B0
:109690000000F87F51EA030C17D41CF5801F58BF57
:1096A000BCF5801F00F10680994218BF704708BFC3
:1096B0009042704707D711F5801F58BF13F5801FE0
:1096C00019D499427047894270471CF5801F08D50C
:1096D000BCF5801FF7D58B4218BF704708BF824288
:1096E00070474FF4001C1CEB410F38BF1CEB430FBD
:1096F00001D28B42704770B500F034F992244900D2
:109700004FF000514FF08053FFF760BE4FEA410326
:109710004FEA5353A3F58063D3F11E03C8BFD3F1BF
:10972000210C0CDD4FF0004242EAC12242EA5052C5
:1097300032FA03FC8CEAE17CACEBE1707047102B51
:10974000C4BF0020704703F5787CBCF1FF3F04D014
:109750006FF0004282EA2100704770B500F002F914
:109760004992248000207047F2E710F0004248BF81
:109770004042B0FA80F310FA03F10AD0C3F11D039E
:1097800003F580634FEA415002EB035202EBD12113
:1097900070474FF00000704751EA030C17D41CF5D6
:1097A000801F58BFBCF5801F00F10680994218BF8A
:1097B000704708BF9042704707D711F5801F58BF08
:1097C00013F5801F19D499427047894270471CF5E0
:1097D000801F08D5BCF5801FF7D58B4218BF704796
:1097E00008BF824270474FF4001C1CEB410F38BF8A
:1097F0001CEB430F01D28B42704770B500F0B2F8FA
:10980000922449004FF000514FF08053FFF7DEBD26
:10981000DFF848C170B51CEA111E1EBF1CEA131503
:109820009EEA0C0F95EA0C0F00F06F8081EA0304AA
:1098300023EA4C134EEAD47E21EA4C1141F4801104
:1098400043F48013AE44A1FB024CA0FB0365AEF1D0
:109850007F7E361955EB0C05A1FB034C4CF1000340
:10986000A0FB021C16EB0C06654153F100030942F4
:1098700018BF46F0010613F4007F0BD14FEA033105
:109880004FEA0530340341EA155140EA16506FF0B3
:1098900003020AE04FEAC3214FEAC520F40241EA7D
:1098A000555140EA56506FF0020202EB2E4201EB96
:1098B000025585EACE710AD05FEA440C18BF24F045
:1098C000004450F1000041F1000120EAD47040F260
:1098D000FE7C624500D270BDA84214BF4FF08044A8
:1098E0004FF04044002E08BF0024BEF1806FA8BF97
:1098F000A1F1C041BDE8704080F282804FF00000CD
:1099000001F1C04101F0004170479EEA0C0F0CEAE2
:10991000131518BF95EA0C0F06D04FF0000081EA2E
:10992000030E0EF0004170BD00F01CF88900013EEE
:1099300000F007B800F009B84FEA430C5FEA5C5C3E
:1099400008D081EA030100F05BB84FEA410C5FEAFE
:109950005C5CF6D14FF00000014970470000FF0742
:109960000000F87F0EF1020E2EF0030E5EF8046B7D
:10997000364205D4012A43EB030515F5001F12D822
:10998000012841EB010C1CF5001F0CD80ED14FEA49
:10999000D17C15F5001F0CEB4C0C0CF1020C08BF30
:1099A0004CEBD37C04E04FF0080C01E04FEAD37C91
:1099B0000CEB4C0526FA05F606F00706B6F1040C8A
:1099C00006D20EEB860CBDE870404CF0010C6047EF
:1099D000DFE80CF0090B02024FF000414FF00000ED
:1099E000A1F5002170BD19461046012851EB010474
:1099F00018BFD4F5001484BF002001F0004170BDF1
:109A00000808A0F500114FEA3101704791EA030FF1
:109A100010B581F000413FF539AC83F0004300F010
:109A200009B8000010B591EA030F48BF83F0004366
:109A30003FF52CAC841A71EB030C07D212198CF091
:109A4000004C43EB0C03001B61EB0C01DFF8A4E1BD
:109A50004FEA1154A4EB135C1EEA430F18BF9EEAB1
:109A6000445F00F0B08023EA6E03524221EA0451C1
:109A7000C3EB6E0338BF5B1EDCF1200E25D322FA48
:109A80000CFE10EB0E0043FA0CFE41EB0E01CCF184
:109A9000200E03FA0EFE10EB0E0051F10001CCF186
:109AA000200E29D412FA0EF201EB0451BDE8104049
:109AB00058BF7047401C1CBFB2F1004F70470028D0
:109AC0000CBF491C20F00100704712EB020E43EB63
:109AD000030218BF4FF0010E4EEA4202ACF1200C17
:109AE000DCF11E0E54D943FA0CFE10EB0E0051F1BE
:109AF000FF31CCF11E0ED5D50EF1010E12FA0EFE7D
:109B0000404141EB010101EB445C5FEA5C5C10D930
:109B100010EBDE7001EB045138BFBEF1004FBDE821
:109B2000104018BF704700280CBF491C20F00100EE
:109B3000704730D24FEAD42C11F5001124F40064A0
:109B40001BD0B1FA81F20B3AA41AA41ED2F1200361
:109B5000914030FA03F31943904001EBCC71002C93
:109B600001EB0451BDE81040A8BF704701F1C041AE
:109B70004FF0000001F000417047B0FA80F310FA96
:109B800003F100D110BDE41A173C4805C90AE4E707
:109B900001EB045110BD491001EB0451BDE8104028
:109BA0004FEA300002E04FF0000170474A0008BF62
:109BB0000042F8D0B2F5001F28BF704701F0004105
:109BC0004FF0000070479EEA445F07D011EA5E0F35
:109BD000BDE8104004BF002100207047BDE81040E0
:109BE00070B5FFF7BFFE00BF40DFF63E83F00041D7
:109BF000104670470000E0FF43004FEAD30C4FEAE5
:109C00003C0C43401FBF40070CF1605113F0FE4F66
:109C100070471CF0006F03D100200CF0004170472A
:109C20000CF0004343EA507010B540EACC0000F05D
:109C30005CFA00BF000000924FEA0001FFF7E0BEAF
:109C40004FF000414FF00000A1F5002170470000E7
:109C500090EA010F48BF81F0004100F1CA82421A28
:109C60003CBF801A89184FEAD0524FF07F4C1CEA53
:109C7000410FA2EBD15318BF9CEA026F00F03B806A
:109C80004FF0004C4CEA00204CEA012121FA03FC81
:109C900010EB0C0C1ED202F1FF325FEA1C2040EBED
:109CA000C25038BF70471CF07F0F4FEA400C18BFFE
:109CB000BCF17F4F38BF7047C3F12003994008BF04
:109CC00020F00100BCF17F4F38BF7047A0F1C040C9
:109CD00000F051BA4FEA3C00000A40EBC25028BFE6
:109CE0001CF0FF0F4FEA400CE6D018BFBCF17F4FCD
:109CF00038BF7047EAE79CEA026F05D010EA5C0FB4
:109D000008BF00F00040704710B500F0EEF900BF4A
:109D100064FBBE3E401058BFC0F14040491058BFE0
:109D2000C1F140418142EFF3008070474FF47F0C56
:109D30001CEAD0121EBF1CEAD11392EA0C0F93EA60
:109D40000C0F00F0858090EA010F48BF42F480724A
:109D500040F4000C41F400002CF07F4120F07F40E3
:109D600000B58142A2EB03020FF2081CACEB504E8F
:109D7000C0F100009EF800E04FEA4E0E00FB0EFC22
:109D800038BF49004FEA2C1C02F5FA020CFB0EF317
:109D90004FEACE1E4FEA112C4FEAC1210EEB635E53
:109DA00042EB22420EFB0CFC4FEA1C5300FB03115A
:109DB0004FEA112C4FEA01310EFB0CFC4FEADC4C50
:109DC00000FB0C11C14228BF09184CEB03335DF8AE
:109DD00004EB10EB410143EBC250B2F57C0F38BFEE
:109DE000704729D512F0F00F1CBF00F1C04000F001
:109DF00000407047008182838485868788898B8CA8
:109E00008D8E8F919293959697999A9C9D9FA0A2E3
:109E1000A3A5A7A8AAACAEB0B2B3B5B7B9BCBEC033
:109E2000C2C5C7C9CCCED1D4D7D9DCDFE2E6E9ECD4
:109E3000F0F3F7FAFE0000004FEA400C0CF1807CD2
:109E4000BCF17E4F28BF7047B0F1C04000F093B91D
:109E500090EA010F0CEAD11348BF42F480726245C8
:109E600038BF634507D213F47F0F16D080EA010094
:109E700000F00040704710B500F037F9097EFC3E55
:109E800000F005B880EA010000F00040704780EA69
:109E9000010000F0004000F06EB912F47F0F04BF23
:109EA0000248704780EA010000F065B90000C07FF9
:109EB00041000B0ED3F19E0208D950F400034FEA83
:109EC000032323FA02F048BF4042704710B500F068
:109ED0000CF900BF49922480002070476FF00042C7
:109EE00082EA200070470000C10DD1F19E0206DB1E
:109EF0004FEA002343F0004323FA02F07047004288
:109F000007D54FEA4001B1F1FE4F02D24FF00000F9
:109F1000704710B500F0E9F849922480002070479E
:109F20006FEA20007047000010F0004148BF404237
:109F3000B0FA80F310FA03F2C3F19D030BD051EA9B
:109F4000C35101EB1220530638BF704700F10100E6
:109F500008BF20F001007047B0FA80F310FA03F256
:109F6000C3F19D030AD0D90501EB1220530638BF77
:109F7000704700F1010008BF20F0010070470000A9
:109F800050EA010C00F113801CF5000F58BFBCF51E
:109F9000000F01D48842704707D710F5000F58BF53
:109FA00011F5000F15D488427047894270471CF59F
:109FB000000F04D5BCF5000FF7D5814270474FF074
:109FC000807C1CEB400F38BF1CEB410F01D281425B
:109FD000704710B500F089F8922449004FF0005006
:109FE0004FF08051FFF796BE4FF47F0C1CEAD01261
:109FF0001EBF1CEAD11392EA0C0F93EA0C0F00F07B
:10A00000478090EA010F48BF42F480724FF0004C45
:10A010004CEA00204CEA012102EB0302A0FB0113F1
:10A02000A2F50002002918BF43F001035B0028BF1E
:10A030004FEA330342EB22425FEA132C4CEBC2504F
:10A040002EBFBCEB436FB2F57C0F70474FEA036C39
:10A05000BCF1004F08BF20F00100B2F57C0F38BF03
:10A0600070470BD582F0FF0212F5803FC8BF7047E2
:10A0700000F1C040D8BF00F00040704700F5000C70
:10A080005FEA4C0C48BF7047B0F1C04000F073B8B5
:10A0900090EA010F0CEAD11348BF42F48072624586
:10A0A00038BF634504D280EA010000F000407047E9
:10A0B00010B500F01AF800BF8900013E00F007B8A3
:10A0C00000F009B85FEA410C5FEA1C6C08D080EA36
:10A0D000010000F050B85FEA400C5FEA1C6CF6D15A
:10A0E0004FF00040A0F5800070470EF1020E2EF0F8
:10A0F000030E5EF8044B244204D44FEA4102B2F14D
:10A100007F4F11D84FEA4003B3F17F4F0CD80ED1E7
:10A110004FEAD07CB2F17F4F0CEB4C0C0CF1020CEF
:10A1200008BF4CEBD17C04E04FF0080C01E04FEA93
:10A13000D17C0CEB4C0324FA03F404F00704B4F1D3
:10A14000040C06D20EEB840CBDE810404CF0010C60
:10A150006047DFE80CF0070802024FF00040A0F56E
:10A16000800010BD0846420018BFD2F1807288BF3F
:10A1700000F0004010BDFF2141EAD050C0057047FB
:10A1800051EA000C00F113801CF5000F58BFBCF51C
:10A19000000F01D48142704707D711F5000F58BF57
:10A1A00010F5000F15D481427047894270471CF5A5
:10A1B000000F04D5BCF5000FF7D5884270474FF06B
:10A1C000807C1CEB410F38BF1CEB400F01D2884252
:10A1D000704780EA010081EA000180EA0100FFF790
:10A1E000F8BE000090EA010F48BF81F000413FF542
:10A1F00036AD421A04D882F00042A0EB02001144AE
:10A200004FEAD0524FF07F4C1CEA410FA2EBD153E2
:10A2100018BF9CEA026F4AD04FF0004C4CEA002075
:10A220004CEA012121FA03FCB0EB0C0C0FD412F024
:10A23000FE0F36D05FEA4C001DD5001240EBC25035
:10A2400038BF70471CF03F0F18BF70470BE0A2F1FA
:10A2500001025FEA1C2040EBC25038BF70471CF07F
:10A260007F0F18BF7047C3F12003994014BF401EF1
:10A2700020F00100704780084FEA122308BF7047A2
:10A28000B0FA80FCA2EB0C02CCF1280C60FA0CF0C6
:10A2900093EA122F04BF00EBC25070474FEAC3701D
:10A2A0007047130A5FEADC1008BF7047F6E79CEAC4
:10A2B000026F04D010EA5C0F08BF0020704710B591
:10A2C000FFF713FF40DFF63E81F0004070470000CB
:10A2D000BCA3000800000000000000000000000017
:10A2E0000000000000020000180000000000000054
:10A2F00000000000CCA300080000000000000000E7
:10A300000000000040010000A0000000200000004C
:10A3100020000000002800000014000005000000DC
:10A320000A00000054A40008000000000000000023
:10A330000000000064A4000800000000000000000D
:10A3400000000000000000000002000018000000F3
:10A3500000000000000000000203040506070809D1
:10A360000A0B0C0D0E0F101001020000000000007F
:10A3700000000102030406070809000000000102B2
:10A3800003043031323334353637383941424344AF
:10A39000454640305800303132333435363738395D
:10A3A0006162636465664030780004000008000064
:10A3B00000000000000200010000100075617274CE
:10A3C00053656E645461736B000000004B45595F28
:10A3D000536F667454696D65720000003F000000A1
:10A3E000646563006964000072756E74696D650070
:10A3F00068656C70000000006C69737400000000F8
:10A4000068657800766F69642077726974655F614A
:10A410006464722875696E7433325F742061646499
:10A42000722C75696E7433325F742076616C29000A
:10A4300075696E7433325F7420726561645F616444
:10A4400064722875696E7433325F7420616464725B
:10A450002900000059535F536F667454696D65722B
:10A460000000000064656661756C745461736B0074
:10A4700090A4000800000020240600006C010008E1
:10A48000A4A600082406002084620000C801000879
:10A4900013B449032B2001132C4A032B20021AA4C6
:10A4A00030025B03101801756172743120746F20E3
:10A4B0006D756368206275666665720D0A5B546F20
:10A4C00012100D5541525431206465766963653A26
:10A4D000552D181752656769737465722066616936
:10A4E0006C2C706C65617365207504392C3E5F417E
:10A4F0006464442F18092066756374696F6E4F4C4D
:10A50000010D0A1D1F54585F4D41587018086F20E7
:10A51000736D616C6C1CC990B113D15C1408A95D9A
:10A520001408800732201C68802F081214C2681398
:10A53000A932140809330224081A25280A21852C77
:10A54000180E4B45595F4261636B5F50757368A18C
:10A5500018214D6F746F206D696768742065727281
:10A560006F722C206265747465722072656C6F6105
:10A570006421237933580852656C6561736513084B
:10A58000082D466F72776F7264496936894C1809D5
:10A5900048656C6C6F2050430B3113DCA31B08F033
:10A5A000041AF8041AE4041112A41B08E0082AE8AB
:10A5B0000C7113FD6C1B08301813DD831B08040895
:10A5C000139802142085741408056D1B08B5041A2D
:10A5D000B90C220202F001001913746F6F206D751F
:10A5E00063682059535F6D6F746F20696E697421C1
:10A5F0000D0A2640CDCC1C412760410534513EA3B5
:10A600008040232E424A90100414F8030860099AEF
:10A6100099193F0AD7233D03107A441808666666E5
:10A620003FCDCC4C5841043BE14301134804021098
:10A6300020023B020A119850D1A8175363616C7035
:10A64000656C20617420737461727420706F730D77
:10A650000A17080A125374726574636865641B7B79
:10A660006F7218181567726970706572206D6F745B
:10A670006F20696E2064656E670F1814706C6163DB
:10A68000652C2072656D6F76652066697273742D16
:10A690000D24776972652AA132104201036D24F4FA
:04A6A0001AAA018170
:0400000508000131BD
:00000001FF
